gene,seed_terminal_fate,frame_num,median,n,source_group
Myh7,atrial,0,0.43485147,175,future_atrial
Myh7,atrial,1,0.43769425,210,future_atrial
Myh7,atrial,2,0.38457477,248,future_atrial
Myh7,atrial,3,0.39669663,283,future_atrial
Myh7,atrial,4,0.43676975,354,future_atrial
Myh7,atrial,5,0.45811763,462,future_atrial
Myh7,atrial,6,0.44434047,595,future_atrial
Myh7,atrial,7,0.42008272,803,future_atrial
Myh7,atrial,8,0.4904437,938,future_atrial
Myh7,atrial,9,0.49744296,967,future_atrial
Myh7,atrial,10,0.5077346,1010,future_atrial
Myh7,atrial,11,0.49782947,1046,future_atrial
Myh7,atrial,12,0.5057468,1062,future_atrial
Myh7,atrial,13,0.49507743,1081,future_atrial
Myh7,atrial,14,0.49596435,1099,future_atrial
Myh7,atrial,15,0.5113099,1134,future_atrial
Myh7,atrial,16,0.5243767,1181,future_atrial
Myh7,atrial,17,0.50875217,1217,future_atrial
Myh7,atrial,18,0.4997455,1285,future_atrial
Myh7,atrial,19,0.5043305,1349,future_atrial
Myh7,atrial,20,0.4946641,1355,future_atrial
Myh7,ori,0,0.4078499,4460,future_atrial
Myh7,ori,1,0.41201806,4460,future_atrial
Myh7,ori,2,0.31034535,4460,future_atrial
Myh7,ori,3,0.28464174,4396,future_atrial
Myh7,ori,4,0.25203887,4162,future_atrial
Myh7,ori,5,0.2422311,3716,future_atrial
Myh7,ori,6,0.24020982,3232,future_atrial
Myh7,ori,7,0.24162397,2788,future_atrial
Myh7,ori,8,0.24547328,2409,future_atrial
Myh7,ori,9,0.24986763,2061,future_atrial
Myh7,ori,10,0.25016898,1743,future_atrial
Myh7,ori,11,0.2494382,1446,future_atrial
Myh7,ori,12,0.25836182,1222,future_atrial
Myh7,ori,13,0.26897374,1003,future_atrial
Myh7,ori,14,0.2735632,818,future_atrial
Myh7,ori,15,0.2735632,628,future_atrial
Myh7,ori,16,0.26364404,473,future_atrial
Myh7,ori,17,0.2932349,355,future_atrial
Myh7,ori,18,0.2648123,280,future_atrial
Myh7,ori,19,0.2542807,217,future_atrial
Myh7,ori,20,0.25556752,154,future_atrial
Myh7,ventricular,0,0.5225629,773,future_atrial
Myh7,ventricular,1,0.5313786,995,future_atrial
Myh7,ventricular,2,0.7232357,1173,future_atrial
Myh7,ventricular,3,0.94086915,1396,future_atrial
Myh7,ventricular,4,1.2843053,1668,future_atrial
Myh7,ventricular,5,1.7818899,1968,future_atrial
Myh7,ventricular,6,1.96318,2355,future_atrial
Myh7,ventricular,7,2.042112,2803,future_atrial
Myh7,ventricular,8,2.0930314,3394,future_atrial
Myh7,ventricular,9,2.1269405,4098,future_atrial
Myh7,ventricular,10,2.152905,4544,future_atrial
Myh7,ventricular,11,2.1837916,4858,future_atrial
Myh7,ventricular,12,2.1928287,5115,future_atrial
Myh7,ventricular,13,2.2136137,5387,future_atrial
Myh7,ventricular,14,2.2272818,5619,future_atrial
Myh7,ventricular,15,2.2470703,5756,future_atrial
Myh7,ventricular,16,2.2572906,5870,future_atrial
Myh7,ventricular,17,2.2478259,6016,future_atrial
Myh7,ventricular,18,2.2553217,6231,future_atrial
Myh7,ventricular,19,2.264193,6387,future_atrial
Myh7,ventricular,20,2.261857,6565,future_atrial
Myl7,atrial,0,1.5676869,175,future_atrial
Myl7,atrial,1,1.5670825,210,future_atrial
Myl7,atrial,2,1.7177808,248,future_atrial
Myl7,atrial,3,1.8587599,283,future_atrial
Myl7,atrial,4,2.0866158,354,future_atrial
Myl7,atrial,5,2.2257857,462,future_atrial
Myl7,atrial,6,2.277524,595,future_atrial
Myl7,atrial,7,2.3101745,803,future_atrial
Myl7,atrial,8,2.3169606,938,future_atrial
Myl7,atrial,9,2.3198223,967,future_atrial
Myl7,atrial,10,2.3454556,1010,future_atrial
Myl7,atrial,11,2.351817,1046,future_atrial
Myl7,atrial,12,2.3503456,1062,future_atrial
Myl7,atrial,13,2.3526816,1081,future_atrial
Myl7,atrial,14,2.3497689,1099,future_atrial
Myl7,atrial,15,2.3669293,1134,future_atrial
Myl7,atrial,16,2.3623683,1181,future_atrial
Myl7,atrial,17,2.36472,1217,future_atrial
Myl7,atrial,18,2.3681319,1285,future_atrial
Myl7,atrial,19,2.3697183,1349,future_atrial
Myl7,atrial,20,2.372145,1355,future_atrial
Myl7,ori,0,1.811802,4460,future_atrial
Myl7,ori,1,1.8196986,4460,future_atrial
Myl7,ori,2,1.8921384,4460,future_atrial
Myl7,ori,3,1.9479631,4396,future_atrial
Myl7,ori,4,1.991344,4162,future_atrial
Myl7,ori,5,2.0055492,3716,future_atrial
Myl7,ori,6,1.9983101,3232,future_atrial
Myl7,ori,7,2.00204,2788,future_atrial
Myl7,ori,8,1.9985853,2409,future_atrial
Myl7,ori,9,1.9955996,2061,future_atrial
Myl7,ori,10,1.9924519,1743,future_atrial
Myl7,ori,11,1.9988256,1446,future_atrial
Myl7,ori,12,1.9943419,1222,future_atrial
Myl7,ori,13,1.9941146,1003,future_atrial
Myl7,ori,14,2.0152495,818,future_atrial
Myl7,ori,15,2.0079632,628,future_atrial
Myl7,ori,16,2.0090308,473,future_atrial
Myl7,ori,17,1.9996799,355,future_atrial
Myl7,ori,18,1.999253,280,future_atrial
Myl7,ori,19,2.0315607,217,future_atrial
Myl7,ori,20,2.0314538,154,future_atrial
Myl7,ventricular,0,1.7220311,773,future_atrial
Myl7,ventricular,1,1.7325811,995,future_atrial
Myl7,ventricular,2,1.8323451,1173,future_atrial
Myl7,ventricular,3,1.8252792,1396,future_atrial
Myl7,ventricular,4,1.7908382,1668,future_atrial
Myl7,ventricular,5,1.7633228,1968,future_atrial
Myl7,ventricular,6,1.7353709,2355,future_atrial
Myl7,ventricular,7,1.7021147,2803,future_atrial
Myl7,ventricular,8,1.668802,3394,future_atrial
Myl7,ventricular,9,1.6353431,4098,future_atrial
Myl7,ventricular,10,1.6159333,4544,future_atrial
Myl7,ventricular,11,1.6218941,4858,future_atrial
Myl7,ventricular,12,1.6071804,5115,future_atrial
Myl7,ventricular,13,1.6088897,5387,future_atrial
Myl7,ventricular,14,1.6032195,5619,future_atrial
Myl7,ventricular,15,1.6087136,5756,future_atrial
Myl7,ventricular,16,1.6045169,5870,future_atrial
Myl7,ventricular,17,1.5877799,6016,future_atrial
Myl7,ventricular,18,1.5930066,6231,future_atrial
Myl7,ventricular,19,1.5976018,6387,future_atrial
Myl7,ventricular,20,1.5865315,6565,future_atrial
Myh7,atrial,0,0.35131165,170,future_ventricular
Myh7,atrial,1,0.3673529,210,future_ventricular
Myh7,atrial,2,0.38661265,243,future_ventricular
Myh7,atrial,3,0.4533512,267,future_ventricular
Myh7,atrial,4,0.50318766,336,future_ventricular
Myh7,atrial,5,0.495539,432,future_ventricular
Myh7,atrial,6,0.4917282,571,future_ventricular
Myh7,atrial,7,0.4374802,764,future_ventricular
Myh7,atrial,8,0.44909257,889,future_ventricular
Myh7,atrial,9,0.4735216,943,future_ventricular
Myh7,atrial,10,0.45001045,1004,future_ventricular
Myh7,atrial,11,0.44071618,1047,future_ventricular
Myh7,atrial,12,0.4544366,1092,future_ventricular
Myh7,atrial,13,0.45070133,1103,future_ventricular
Myh7,atrial,14,0.43838632,1158,future_ventricular
Myh7,atrial,15,0.45092192,1137,future_ventricular
Myh7,atrial,16,0.4725231,1140,future_ventricular
Myh7,atrial,17,0.4599483,1166,future_ventricular
Myh7,atrial,18,0.46346122,1171,future_ventricular
Myh7,atrial,19,0.44822365,1191,future_ventricular
Myh7,atrial,20,0.45714495,1242,future_ventricular
Myh7,ori,0,0.3404972,4633,future_ventricular
Myh7,ori,1,0.35252532,4633,future_ventricular
Myh7,ori,2,0.654264,4633,future_ventricular
Myh7,ori,3,0.89793813,4564,future_ventricular
Myh7,ori,4,1.1567963,4276,future_ventricular
Myh7,ori,5,1.2582335,3749,future_ventricular
Myh7,ori,6,1.3159786,3219,future_ventricular
Myh7,ori,7,1.3406672,2708,future_ventricular
Myh7,ori,8,1.3265443,2276,future_ventricular
Myh7,ori,9,1.3409858,1895,future_ventricular
Myh7,ori,10,1.3423734,1602,future_ventricular
Myh7,ori,11,1.3486321,1353,future_ventricular
Myh7,ori,12,1.3510756,1122,future_ventricular
Myh7,ori,13,1.3456578,933,future_ventricular
Myh7,ori,14,1.35898,751,future_ventricular
Myh7,ori,15,1.3754033,587,future_ventricular
Myh7,ori,16,1.4114014,483,future_ventricular
Myh7,ori,17,1.4077,381,future_ventricular
Myh7,ori,18,1.3900673,292,future_ventricular
Myh7,ori,19,1.348248,225,future_ventricular
Myh7,ori,20,1.3264892,178,future_ventricular
Myh7,ventricular,0,0.56434226,860,future_ventricular
Myh7,ventricular,1,0.57451457,1095,future_ventricular
Myh7,ventricular,2,0.7937416,1326,future_ventricular
Myh7,ventricular,3,1.1331916,1546,future_ventricular
Myh7,ventricular,4,1.4277065,1839,future_ventricular
Myh7,ventricular,5,1.8516073,2190,future_ventricular
Myh7,ventricular,6,2.0010433,2663,future_ventricular
Myh7,ventricular,7,2.071756,3196,future_ventricular
Myh7,ventricular,8,2.1229954,3990,future_ventricular
Myh7,ventricular,9,2.1576333,4907,future_ventricular
Myh7,ventricular,10,2.1803908,5481,future_ventricular
Myh7,ventricular,11,2.214256,6023,future_ventricular
Myh7,ventricular,12,2.2180936,6367,future_ventricular
Myh7,ventricular,13,2.2367854,6631,future_ventricular
Myh7,ventricular,14,2.248134,6821,future_ventricular
Myh7,ventricular,15,2.2699342,7016,future_ventricular
Myh7,ventricular,16,2.278617,7197,future_ventricular
Myh7,ventricular,17,2.268816,7403,future_ventricular
Myh7,ventricular,18,2.279783,7539,future_ventricular
Myh7,ventricular,19,2.285321,7774,future_ventricular
Myh7,ventricular,20,2.2862377,7923,future_ventricular
Myl7,atrial,0,1.5864923,170,future_ventricular
Myl7,atrial,1,1.5715479,210,future_ventricular
Myl7,atrial,2,1.8417693,243,future_ventricular
Myl7,atrial,3,2.0413013,267,future_ventricular
Myl7,atrial,4,2.2183218,336,future_ventricular
Myl7,atrial,5,2.2927706,432,future_ventricular
Myl7,atrial,6,2.3258162,571,future_ventricular
Myl7,atrial,7,2.3534858,764,future_ventricular
Myl7,atrial,8,2.3661125,889,future_ventricular
Myl7,atrial,9,2.364802,943,future_ventricular
Myl7,atrial,10,2.374876,1004,future_ventricular
Myl7,atrial,11,2.3738716,1047,future_ventricular
Myl7,atrial,12,2.3676162,1092,future_ventricular
Myl7,atrial,13,2.3645098,1103,future_ventricular
Myl7,atrial,14,2.359664,1158,future_ventricular
Myl7,atrial,15,2.3731155,1137,future_ventricular
Myl7,atrial,16,2.3721256,1140,future_ventricular
Myl7,atrial,17,2.3702574,1166,future_ventricular
Myl7,atrial,18,2.3703582,1171,future_ventricular
Myl7,atrial,19,2.374723,1191,future_ventricular
Myl7,atrial,20,2.380999,1242,future_ventricular
Myl7,ori,0,1.8243706,4633,future_ventricular
Myl7,ori,1,1.8357946,4633,future_ventricular
Myl7,ori,2,1.8672394,4633,future_ventricular
Myl7,ori,3,1.9006951,4564,future_ventricular
Myl7,ori,4,1.9077532,4276,future_ventricular
Myl7,ori,5,1.8944664,3749,future_ventricular
Myl7,ori,6,1.8802023,3219,future_ventricular
Myl7,ori,7,1.8834515,2708,future_ventricular
Myl7,ori,8,1.8736948,2276,future_ventricular
Myl7,ori,9,1.8660617,1895,future_ventricular
Myl7,ori,10,1.8867373,1602,future_ventricular
Myl7,ori,11,1.8651698,1353,future_ventricular
Myl7,ori,12,1.8552072,1122,future_ventricular
Myl7,ori,13,1.8421296,933,future_ventricular
Myl7,ori,14,1.8326694,751,future_ventricular
Myl7,ori,15,1.8371183,587,future_ventricular
Myl7,ori,16,1.8498499,483,future_ventricular
Myl7,ori,17,1.8550348,381,future_ventricular
Myl7,ori,18,1.8511093,292,future_ventricular
Myl7,ori,19,1.8767763,225,future_ventricular
Myl7,ori,20,1.8828622,178,future_ventricular
Myl7,ventricular,0,1.7462401,860,future_ventricular
Myl7,ventricular,1,1.7500904,1095,future_ventricular
Myl7,ventricular,2,1.8335893,1326,future_ventricular
Myl7,ventricular,3,1.8047554,1546,future_ventricular
Myl7,ventricular,4,1.7618771,1839,future_ventricular
Myl7,ventricular,5,1.7425195,2190,future_ventricular
Myl7,ventricular,6,1.6966217,2663,future_ventricular
Myl7,ventricular,7,1.6673102,3196,future_ventricular
Myl7,ventricular,8,1.6436164,3990,future_ventricular
Myl7,ventricular,9,1.6258295,4907,future_ventricular
Myl7,ventricular,10,1.620901,5481,future_ventricular
Myl7,ventricular,11,1.6312562,6023,future_ventricular
Myl7,ventricular,12,1.61631,6367,future_ventricular
Myl7,ventricular,13,1.6220059,6631,future_ventricular
Myl7,ventricular,14,1.6198003,6821,future_ventricular
Myl7,ventricular,15,1.6274743,7016,future_ventricular
Myl7,ventricular,16,1.6185615,7197,future_ventricular
Myl7,ventricular,17,1.6055193,7403,future_ventricular
Myl7,ventricular,18,1.6110016,7539,future_ventricular
Myl7,ventricular,19,1.6149819,7774,future_ventricular
Myl7,ventricular,20,1.6067832,7923,future_ventricular
