seed,V_to_A_percent,A_to_V_percent
3000,47.96238244514106,51.702786377708975
3001,40.42207792207792,55.369127516778526
3002,47.48427672955975,53.31325301204819
3003,48.49445324881141,50.69444444444444
3004,50.39494470774092,48.6404833836858
3005,51.09034267912772,59.32203389830508
3006,46.27575277337559,51.43769968051119
3007,50.24630541871922,53.84615384615385
3008,52.00642054574639,52.11726384364821
3009,46.04651162790698,46.710526315789465
3010,45.846645367412144,47.82608695652174
3011,51.20385232744783,49.50819672131147
3012,48.81756756756756,53.21100917431193
3013,49.916247906197654,43.9873417721519
3014,49.221183800623045,51.82724252491694
3015,49.16107382550335,51.29032258064517
3016,48.309178743961354,52.760736196319016
3017,46.80511182108626,49.54128440366973
3018,49.464012251148546,51.84049079754601
3019,50.542635658914726,55.80645161290323
3020,45.820895522388064,51.24999999999999
3021,47.393364928909946,49.69879518072289
3022,47.02380952380952,48.6322188449848
3023,47.19101123595505,47.95918367346938
3024,48.037676609105176,45.69536423841059
3025,50.078003120124805,52.42424242424243
3026,47.51552795031056,51.92982456140351
3027,45.03105590062112,51.14942528735632
3028,46.948356807511736,54.42622950819672
3029,47.96875,49.84025559105431
3030,50.86614173228347,50.621118012422365
3031,47.32704402515723,50.75987841945289
3032,50.480769230769226,52.823920265780735
3033,49.92343032159265,51.39318885448917
3034,47.14946070878274,51.19047619047619
3035,45.220030349013655,52.09003215434084
3036,46.10591900311526,51.445086705202314
3037,48.07692307692308,52.94117647058824
3038,48.17629179331307,49.46996466431095
3039,47.47023809523809,48.37758112094395
3040,49.842767295597476,54.04624277456648
3041,50.63091482649842,53.355704697986575
3042,52.13815789473685,50.0
3043,49.69418960244648,45.63758389261745
3044,44.36090225563909,52.103559870550164
3045,46.64484451718494,48.701298701298704
3046,50.165016501650165,48.78787878787878
3047,48.64,50.29940119760479
3048,47.0,51.796407185628745
3049,44.72361809045226,51.26582278481012
3050,47.64309764309764,49.84025559105431
3051,48.13614262560778,46.98412698412698
3052,48.59675036927622,55.115511551155116
3053,51.52439024390244,56.36942675159236
3054,49.26108374384236,52.73972602739726
3055,47.89207419898819,51.35135135135135
3056,50.17006802721088,49.378881987577635
3057,50.30487804878049,48.14814814814814
3058,49.76,49.0506329113924
3059,49.92101105845181,46.86567164179104
3060,45.58139534883721,49.54128440366973
3061,47.84615384615384,54.2319749216301
3062,50.38051750380518,53.86996904024768
3063,47.19101123595505,50.48543689320388
3064,48.96988906497623,51.470588235294116
3065,47.32704402515723,54.769230769230774
3066,51.811023622047244,48.52459016393443
3067,50.57283142389526,51.89504373177842
3068,48.113207547169814,51.702786377708975
3069,45.19392917369308,49.83606557377049
3070,47.94952681388013,51.80327868852459
3071,48.51330203442879,53.59281437125748
3072,46.05042016806722,53.86996904024768
3073,43.100775193798455,52.17391304347826
3074,47.87878787878787,54.7112462006079
3075,47.04,48.47457627118644
3076,46.726190476190474,53.01587301587302
3077,48.117839607201304,49.85250737463126
3078,48.14814814814814,50.45871559633027
3079,51.75879396984925,50.498338870431894
3080,47.41784037558685,48.39650145772595
3081,48.98278560250391,52.66457680250783
3082,49.44,53.43283582089552
3083,47.16369529983792,51.445086705202314
3084,43.83116883116883,50.29239766081871
3085,50.53929121725732,53.125
3086,50.44378698224852,51.73501577287066
3087,51.355661881977674,50.46153846153846
3088,47.84615384615384,53.29153605015674
3089,48.068006182380216,44.59459459459459
3090,46.99367088607595,50.306748466257666
3091,46.853146853146846,48.888888888888886
3092,46.51898734177215,48.0
3093,46.821705426356594,48.6646884272997
3094,50.77452667814114,49.84709480122324
3095,50.50675675675676,52.25225225225225
3096,47.1841704718417,51.34328358208955
3097,48.62681744749596,52.76967930029155
3098,48.37662337662338,55.51839464882943
3099,49.61832061068702,50.0
