uid,normalized_x,normalized_y,original_x,original_y,distance_normalized_space,distance_original_space,proximity_group,expression_delta_rms,coordinate_delta_normalized_space,expression_intensity_normalized,coordinate_intensity_normalized,plot_value
0,-0.1699321,-0.25147763,2505.5185546875,3382.39892578125,0.39385361071216674,281.4089872593533,Far,9.988058e-09,9.7037605e-09,0.1100741382975795,0.3289065602492961,-8.000476
1,0.17644785,-0.06576885,2753.007568359375,3515.088134765625,0.12642058652922875,90.32770006046532,Near,3.2405072e-09,0.0,0.006680165585354913,0.0,-8.489254
2,0.37490866,0.15952924,2894.80810546875,3676.06396484375,0.021125748587143615,15.09436822497862,Near,3.229096e-05,0.0002688276,0.8523428311485349,0.8807260005304256,-4.490919
4,0.06324886,0.45522818,2672.126708984375,3887.34130859375,0.4083672389203388,291.77901618499146,Far,0.0,0.0,0.0,0.0,-12.000001
5,0.25551304,0.14495601,2809.499755859375,3665.6513671875,0.11256359044358133,80.42686965882544,Near,1.5447569e-08,2.395017e-09,0.15012717918954233,0.2534309725111424,-7.8111124
7,0.21909122,0.013618542,2783.476318359375,3571.810546875,0.06980746155171645,49.8775416428105,Near,5.233773e-05,0.000112749,0.896700865817036,0.8338529264813831,-4.2811856
9,-0.3460369,0.055758934,2379.69140625,3601.919921875,0.5132570400662965,366.7229322161673,Far,4.9892015e-09,0.0,0.04631846035066008,0.0,-8.301883
11,-0.15712953,-0.18486753,2514.666015625,3429.991943359375,0.40657483792335275,290.49834251474687,Far,0.0,0.0,0.0,0.0,-12.000001
13,-0.3952671,-0.14190878,2344.516357421875,3460.68603515625,0.4660458016971147,332.9904173671126,Far,3.6980343e-09,1.0480612e-08,0.018811180642663895,0.3330610518549301,-8.431912
15,-0.33277714,-0.19357012,2389.16552734375,3423.77392578125,0.41162943597950086,294.1098396591661,Far,6.690255e-09,2.1668578e-08,0.0732655958244185,0.37224319744765905,-8.174493
16,-0.36782944,0.10235706,2364.12060546875,3635.21435546875,0.5366787901484639,383.45781267609476,Far,1.0675696e-08,5.5809584e-09,0.11618959027581462,0.29906676620899986,-7.971564
18,0.594618,0.4560862,3051.790771484375,3887.954345703125,0.07059257257839394,50.43848012777832,Near,1.5658894e-05,5.567419e-05,0.7858652289663842,0.7957868293511493,-4.805239
25,0.47080258,0.60604763,2963.324462890625,3995.10205078125,0.04124796948824705,29.471736862777878,Near,2.051037e-05,0.0003292315,0.8106552627534896,0.8916601426510966,-4.688027
27,0.07957396,-0.5053075,2683.791015625,3201.037109375,0.09582208834986386,68.46504033971802,Near,0.0,0.0,0.0,0.0,-12.000001
28,-0.39249903,-0.0496023,2346.494140625,3526.63916015625,0.5576234246256193,398.42277356275366,Far,5.326272e-09,3.1668392e-09,0.052323334445858946,0.26850014356019297,-8.273496
32,-0.49891612,0.0076173763,2270.458984375,3567.522705078125,0.6321030144049348,451.63855027634685,Far,0.0,0.0,0.0,0.0,-12.000001
34,-0.2985244,0.24135324,2413.63916015625,3734.52734375,0.49967460940843,357.018267803936,Far,0.0,7.0309096e-09,0.0,0.31152564687970596,-12.000001
36,0.2034567,-0.40735245,2772.305419921875,3271.026123046875,0.13117329650651283,93.72351689440971,Near,9.256623e-09,1.395625e-08,0.10308872156142446,0.34851089882274194,-8.033501
39,0.09967374,-0.46052888,2698.15234375,3233.031494140625,0.10260420856023839,73.31087509209856,Near,0.0,2.807426e-09,0.0,0.2620016183942302,-12.000001
40,0.26885173,0.087129146,2819.0302734375,3624.333984375,0.1051294116586667,75.11512758918971,Near,4.034652e-09,2.2601668e-08,0.02681319149519282,0.3745175433097881,-8.394087
45,-0.542521,0.01108215,2239.30322265625,3569.998291015625,0.6475135389833403,462.64939547288697,Far,0.0,7.882714e-09,0.0,0.31769458180927856,-12.000001
46,0.36914837,0.22338735,2890.6923828125,3721.690673828125,0.04653374219233744,33.24842876382402,Near,4.5943245e-05,0.00018062569,0.8847315867001655,0.8592751586737186,-4.3377786
48,-0.34042597,0.15988085,2383.700439453125,3676.315185546875,0.5172985575624179,369.6105965972497,Far,4.97746e-09,4.6989122e-08,0.04610204723616181,0.4139994223549172,-8.302906
49,0.08041589,0.052973107,2684.392578125,3599.929443359375,0.08709387557854249,62.228705822466694,Near,0.0,0.0,0.0,0.0,-12.000001
50,-0.46145895,-0.0522453,2297.22216796875,3524.750732421875,0.5652776662945423,403.89174262284774,Far,0.0,0.0,0.0,0.0,-12.000001
52,-0.1722932,0.67588127,2503.83154296875,4044.998291015625,0.5873739054437391,419.6795544801737,Far,0.0,0.0,0.0,0.0,-12.000001
53,-0.3282463,0.006280671,2392.40283203125,3566.567626953125,0.4983838405273969,356.0960046936168,Far,0.0,0.0,0.0,0.0,-12.000001
56,-0.22051677,0.044137593,2469.375732421875,3593.616455078125,0.38805396630272626,277.2651503392529,Far,5.5056235e-09,1.6606663e-08,0.05536532909832664,0.3578906540683039,-8.259115
58,-0.48699543,0.1810187,2278.976318359375,3691.418212890625,0.6652378662212474,475.31347631684,Far,1.7069421e-08,5.430497e-09,0.15929739354657343,0.2975924588484901,-7.767756
59,-0.4514576,-0.63466585,2304.3681640625,3108.6103515625,0.11201797178021272,80.03701966426199,Near,5.7755396e-06,0.00047228238,0.6942515295706378,0.9111243301055209,-5.2384076
60,-0.1290389,0.38977778,2534.73681640625,3840.576904296875,0.4430625962937766,316.5689027996387,Far,0.0,0.0,0.0,0.0,-12.000001
61,-0.45714474,0.31894368,2300.3046875,3789.9658203125,0.6757929201329831,482.8550725457034,Far,1.2370481e-08,0.0,0.12972334279982667,0.0,-7.907579
62,-0.37811443,0.15450533,2356.77197265625,3672.474365234375,0.5533894984404615,395.39763009883836,Far,0.0,0.0,0.0,0.0,-12.000001
65,-0.26102215,-0.1767325,2440.4345703125,3435.804443359375,0.4361832731962026,311.65360034354455,Far,6.1821326e-09,1.6058617e-09,0.06601033834664487,0.23186757517968096,-8.208792
66,-0.11042103,0.36187407,2548.039306640625,3820.6396484375,0.40989323009624934,292.8693320418462,Far,6.6265695e-09,6.1115273e-09,0.07238705681172146,0.3039658387772492,-8.178646
70,0.35183716,0.060516335,2878.323486328125,3605.319091796875,0.1172663200474969,83.78696262529326,Near,4.6425597e-09,7.1051504e-10,0.03970420867450884,0.18787950246701712,-8.33315
71,0.60463303,0.4802248,3058.946533203125,3905.201416015625,0.06499480970448428,46.43887868326119,Near,5.5295022e-06,0.0007690513,0.6902528609891726,0.9374268290328167,-5.2573137
73,-0.29583186,0.086162835,2415.56298828125,3623.6435546875,0.4637527846713346,331.352070320515,Far,3.963723e-09,7.454218e-10,0.025184077264202166,0.19046670610743263,-8.401788
80,-0.19217636,-0.13349594,2489.625,3466.697021484375,0.40830531249574326,291.73477072681516,Far,3.8415213e-09,4.1452356e-08,0.02230770929448535,0.4072362718810548,-8.415384
85,0.123494916,0.19438268,2715.172607421875,3700.966796875,0.14101347531761668,100.75433891439235,Near,5.5512595e-09,1.9790605e-09,0.05612354797975619,0.2431400002636408,-8.255531
87,0.4178233,0.53947175,2925.470703125,3947.533447265625,0.12400303870726267,88.60038116538043,Near,0.0,0.0,0.0,0.0,-12.000001
88,0.045387506,0.47334784,2659.36474609375,3900.287841796875,0.4306228325206649,307.6806777959668,Far,0.0,0.0,0.0,0.0,-12.000001
90,0.35733023,0.61721045,2882.248291015625,4003.077880859375,0.1300694310783756,92.93480243019528,Near,0.0,0.0,0.0,0.0,-12.000001
91,0.007852803,0.66969526,2632.546142578125,4040.578369140625,0.40949786468309723,292.58684687134314,Far,0.0,3.8133794e-09,0.0,0.27852212668701887,-12.000001
92,0.41760635,0.06869477,2925.315673828125,3611.16259765625,0.12132599126303611,86.6875953017153,Near,0.0,0.0,0.0,0.0,-12.000001
93,-0.23801832,-0.66762155,2456.870849609375,3085.0634765625,0.12257121677186396,87.57732081116357,Near,9.222854e-09,1.3015629e-09,0.10275302073149434,0.22053403109382835,-8.035089
94,0.32001215,-0.104605064,2855.58447265625,3487.339599609375,0.061760874741094894,44.12823878672668,Near,3.4878594e-05,0.00027975705,0.8594233254676468,0.8828757737217453,-4.4574413
95,0.16612495,-0.4374984,2745.6318359375,3249.48681640625,0.09703091431443492,69.32875124803456,Near,0.0,0.0,0.0,0.0,-12.000001
96,0.12601218,0.12472023,2716.97119140625,3651.19287109375,0.07645075836122982,54.624182769196565,Near,1.2811599e-05,0.00022744472,0.7674316551065745,0.871708401724046,-4.892397
97,0.5586913,0.42568877,3026.12109375,3866.2353515625,0.08190386796454906,58.52043337859002,Near,7.2910996e-05,0.00028124842,0.927151763224483,0.8831625869608137,-4.1372075
99,-0.4375134,-0.213169,2314.331298828125,3409.7705078125,0.4030300053473574,287.9655400745657,Far,0.0,0.0,0.0,0.0,-12.000001
100,-0.4401325,-0.17332546,2312.4599609375,3438.23876953125,0.4424355431326392,316.12085506073794,Far,4.644461e-09,3.1345784e-09,0.03974181465338738,0.26794778378373135,-8.332972
107,0.036838334,0.61344224,2653.25634765625,4000.385498046875,0.3944984032727663,281.8697083955562,Far,1.14151675e-08,2.2411083e-08,0.12234120238516373,0.37406073177450055,-7.94248
112,-0.35276896,0.077321514,2374.88134765625,3617.326416015625,0.5202469866267087,371.7172606559027,Far,0.0,1.2375119e-09,0.0,0.21781181214263806,-12.000001
113,-0.37429976,-0.0008022967,2359.49755859375,3561.5068359375,0.5449376076748018,389.35874178698793,Far,5.5312266e-09,2.606469e-09,0.05579148216031405,0.25799504130015916,-8.257101
115,-0.23424226,0.5679697,2459.56884765625,3967.895263671875,0.647202522198965,462.42717668658855,Far,0.0,0.0,0.0,0.0,-12.000001
116,0.06845832,0.43279496,2675.848876953125,3871.312744140625,0.3853474972716662,275.33138179590156,Far,5.0543307e-09,1.4063144e-08,0.04750973921265506,0.34892250079651554,-8.296251
117,0.4359898,0.1781126,2938.45068359375,3689.341796875,0.07264038381497422,51.90166187735655,Near,3.1373634e-06,0.00032430812,0.6381990425665319,0.8908473493838029,-5.503435
118,0.3049315,0.033118315,2844.809326171875,3585.7431640625,0.14039065828213992,100.3093485378769,Near,7.828939e-09,2.4750237e-09,0.08770241202050381,0.25520358262024695,-8.106242
119,0.3320309,0.6153031,2864.171875,4001.715087890625,0.14415964034943932,103.0022709154038,Near,0.0,0.0,0.0,0.0,-12.000001
120,-0.502565,0.20352435,2267.851806640625,3707.49853515625,0.6849047909536141,489.3655336965594,Far,1.2627329e-08,1.6035338e-08,0.13161093705792662,0.3560020937726546,-7.8986545
121,0.120379694,-0.44597512,2712.94677734375,3243.43017578125,0.10183538023759131,72.76154894529184,Near,0.0,0.0,0.0,0.0,-12.000001
124,-0.36425874,-0.6410364,2366.671875,3104.05859375,0.041573109354526135,29.704069722546656,Near,6.696214e-05,0.0017265924,0.9193340577592762,0.9810546416671306,-4.174171
129,-0.31927374,-0.5946385,2398.813720703125,3137.2099609375,0.026302047121537924,18.79284724067603,Near,9.035688e-06,0.00029354377,0.7353598535747327,0.8854708051084074,-5.0440392
130,-0.28542045,-0.6213969,2423.001953125,3118.091064453125,0.060258138536669774,43.05452776557199,Near,2.7928329e-05,0.00077459746,0.8390109296022604,0.9378144657904568,-4.553955
131,0.5226136,0.24928294,3000.343505859375,3740.193115234375,0.05360417278996843,38.3002588309414,Near,2.4027533e-05,0.0005997519,0.8251926334591251,0.9240138748744656,-4.619291
135,0.16646528,-0.014734171,2745.875,3551.552490234375,0.07505079432794061,53.62390697861403,Near,2.1538573e-05,0.0010538613,0.8151481811805943,0.9544226335160324,-4.6667833
136,-0.51868856,0.2675943,2256.33154296875,3753.276611328125,0.7165253253133904,511.9584272702384,Far,0.0,0.0,0.0,0.0,-12.000001
139,0.37900522,0.6183452,2897.735107421875,4003.888671875,0.1214415958898383,86.7701906136152,Near,0.0,0.0,0.0,0.0,-12.000001
151,-0.21501072,0.572275,2473.309814453125,3970.971435546875,0.6388975026499831,456.4932482520168,Far,0.0,2.6031258e-10,0.0,0.1337130298546535,-12.000001
152,0.15079248,-0.05690429,2734.6767578125,3521.421875,0.11836005961013113,84.56844429190343,Near,0.0,5.289007e-10,0.0,0.17195553303519254,-12.000001
153,-0.2800381,-0.7362172,2426.84765625,3036.0517578125,0.14566835469804867,104.08028044628432,Near,8.4461895e-09,1.0395895e-08,0.09467289777487829,0.33262323113353476,-8.073288
156,0.4057202,-0.022674449,2916.822998046875,3545.879150390625,0.12211797025616107,87.25347370184457,Near,6.1681695e-09,5.5208362e-09,0.0658026458368989,0.29848247954152896,-8.209774
157,0.291615,-0.25215998,2835.294677734375,3381.911376953125,0.13755689972225565,98.28461824112718,Near,6.8487167e-09,6.4394825e-08,0.07541578304141515,0.43099839257094946,-8.164328
158,-0.37110287,0.4330779,2361.78173828125,3871.514892578125,0.6547698447615203,467.83404615400946,Far,0.0,2.089809e-09,0.0,0.24607732543251234,-12.000001
161,0.28144073,0.7646331,2828.025146484375,4108.41162109375,0.13391275456248142,95.68086529696212,Near,5.8858236e-06,0.00013953097,0.6959889056401409,0.84534979881389,-5.230193
162,-0.47924343,-0.06590074,2284.51513671875,3514.993896484375,0.5560055121264945,397.2667725207954,Far,0.0,0.0,0.0,0.0,-12.000001
163,-0.17887866,0.6343132,2499.126220703125,4015.2978515625,0.599505905493941,428.34788507750625,Far,1.2791162e-08,1.4755302e-07,0.13279499827720567,0.47572705733950293,-7.8930564
164,-0.2693048,0.599183,2434.5166015625,3990.197265625,0.6934819804492665,495.49393611882283,Far,1.1339619e-08,7.858034e-10,0.12173128323116955,0.19331264904038273,-7.9453635
165,-0.3864866,0.48120442,2350.7900390625,3905.9013671875,0.6954986132386856,496.9348213558764,Far,5.298016e-09,7.711582e-09,0.05183476003531167,0.3165105466955813,-8.275805
166,-0.3341996,0.11465052,2388.149169921875,3643.998046875,0.5043352590368166,360.3483137775973,Far,4.8713096e-09,1.8189498e-08,0.04412200109848198,0.36280182168089653,-8.312266
169,-0.4852258,-0.22826433,2280.24072265625,3398.98486328125,0.40259736809143376,287.6564201827947,Far,4.0149097e-09,6.813032e-10,0.026362637259063276,0.18561474881679813,-8.396216
171,-0.0768961,0.7004723,2571.992919921875,4062.568603515625,0.49020559879879205,350.2526495641526,Far,0.0,3.4924597e-09,0.0,0.27377985477758426,-12.000001
173,-0.4628042,0.28005415,2296.260986328125,3762.17919921875,0.6672266156853105,476.7344441762186,Far,0.0,0.0,0.0,0.0,-12.000001
174,0.49693805,-0.2782787,2981.998291015625,3363.24951171875,0.12427496331458342,88.79465555883995,Near,2.3097862e-05,0.0024269759,0.8215681306396991,0.9994226834055426,-4.6364284
177,-0.31918764,0.21070163,2398.875244140625,3712.626708984375,0.5091066644236331,363.75748743383673,Far,0.0,0.0,0.0,0.0,-12.000001
178,-0.49096388,-0.11667061,2276.140869140625,3478.71875,0.5101907191785404,364.53203020940254,Far,0.0,0.0,0.0,0.0,-12.000001
181,0.14646596,-0.5042458,2731.58544921875,3201.795654296875,0.03880165647836467,27.723841031920625,Near,6.6752136e-06,0.0005263566,0.7075488751408785,0.916972062824596,-5.175535
182,-0.047165338,0.53028566,2593.235595703125,3940.969970703125,0.5028846887151381,359.3118813942013,Far,0.0,0.0,0.0,0.0,-12.000001
183,-0.44281787,0.44913784,2310.541259765625,3882.98974609375,0.7233992246147155,516.869848788711,Far,0.0,0.0,0.0,0.0,-12.000001
184,-0.4968444,-0.15150525,2271.939208984375,3453.829345703125,0.478802655219818,342.1052115195514,Far,0.0,0.0,0.0,0.0,-12.000001
185,0.6317054,0.44955096,3078.289794921875,3883.284912109375,0.10357428877244658,74.003989022743,Near,4.2297165e-06,0.0010423022,0.665639983113875,0.9538276784076409,-5.3736887
187,-0.3579087,0.508095,2371.208984375,3925.11474609375,0.690107079862754,493.0825650100799,Far,1.1296729e-08,1.3015629e-08,0.12138321095918053,0.3447468039609771,-7.947009
190,-0.31016487,0.4099425,2405.322021484375,3854.984619140625,0.5917076301314385,422.77600702898724,Far,0.0,0.0,0.0,0.0,-12.000001
191,0.41141316,0.5170853,2920.890625,3931.538330078125,0.13417997025511383,95.871823958581,Near,8.907129e-09,1.196031e-08,0.0995535921601726,0.3401853746157073,-8.050214
192,-0.46699783,0.3565423,2293.2646484375,3816.830078125,0.6999704066217306,500.12990962023474,Far,9.358378e-09,1.4790245e-08,0.10409290966689942,0.3516418809715786,-8.028753
193,-0.25891358,0.24858691,2441.941162109375,3739.69580078125,0.4658538075674878,332.8532493944313,Far,9.639374e-09,5.5208362e-09,0.1068102681745584,0.29848247954152896,-8.015906
195,-0.29075736,0.37057596,2419.188720703125,3826.857177734375,0.553161787256368,395.2349489666703,Far,0.0,0.0,0.0,0.0,-12.000001
196,-0.4277994,0.5797659,2321.27197265625,3976.32373046875,0.7898452405471382,564.3456446276122,Far,1.30378135e-08,8.394828e-10,0.13454931411992777,0.19687729416065952,-7.8847623
197,-0.34085786,-0.5235389,2383.391845703125,3188.0107421875,0.08156332431470285,58.277102187291625,Near,2.3983597e-05,3.762392e-05,0.8250245227932489,0.7746470716866841,-4.6200857
198,-0.52202624,0.0012741756,2253.94677734375,3562.990478515625,0.6320939830779162,451.6320943040276,Far,0.0,0.0,0.0,0.0,-12.000001
199,0.3131103,0.106914915,2850.653076171875,3638.470947265625,0.08641017991632789,61.74021320162244,Near,0.0,0.0,0.0,0.0,-12.000001
200,-0.424363,0.43634927,2323.727294921875,3873.852294921875,0.7009635771808994,500.83954674638653,Far,1.3300828e-08,1.34765505e-08,0.13638381786176684,0.3466241058395181,-7.876089
201,0.42186454,0.044842847,2928.358154296875,3594.120361328125,0.14472709197428824,103.40771858922466,Near,8.879836e-09,5.3093556e-09,0.09927171170485903,0.29637545216705885,-8.051547
202,-0.364637,-0.035885006,2366.401611328125,3536.440185546875,0.5404669857273121,386.1644918902476,Far,0.0,0.0,0.0,0.0,-12.000001
203,-0.5116869,-0.17224059,2261.334228515625,3439.013916015625,0.464378375613799,331.79903754860493,Far,0.0,0.0,0.0,0.0,-12.000001
204,0.048973583,-0.5430175,2661.927001953125,3174.09326171875,0.12219839388661398,87.31094215227984,Near,0.0,0.0,0.0,0.0,-12.000001
205,-0.44209927,-0.5847834,2311.0546875,3144.25146484375,0.1007391199092453,71.97826072911278,Near,1.9582174e-05,0.00017566164,0.8064015181452246,0.8577718625472233,-4.7081394
211,0.24277025,0.110263854,2800.39501953125,3640.86376953125,0.09058675338704414,64.72437406165791,Near,5.1170574e-09,2.9140653e-08,0.048642649841873074,0.3882255133689062,-8.290895
213,-0.10488662,0.38606256,2551.99365234375,3837.92236328125,0.4244335614035385,303.25842223496886,Far,7.2268898e-09,3.1775198e-09,0.08035258648150896,0.2686817735474145,-8.140989
214,0.44117126,0.6526287,2942.15283203125,4028.38427734375,0.07145260047714068,51.052986299968836,Near,4.5749937e-05,0.00023093968,0.8843443018864586,0.8725310263056458,-4.3396096
215,0.05692445,0.051662028,2667.60791015625,3598.99267578125,0.11061428405180435,79.03407288740539,Near,0.0,9.385703e-10,0.0,0.20289602548938568,-12.000001
216,-0.366504,0.46900663,2365.067626953125,3897.18603515625,0.6722130262181077,480.2972343350033,Far,4.905427e-09,2.5184486e-09,0.04476306914541405,0.2561418505813289,-8.309236
219,0.419023,0.15859437,2926.327880859375,3675.39599609375,0.05869995364821724,41.941197675037294,Near,2.3766366e-05,0.0006321267,0.8241887858856702,0.9268499641750204,-4.6240373
220,0.44828564,0.59803665,2947.236083984375,3989.378173828125,0.06498534952024165,46.43213245309636,Near,1.1843568e-05,0.0005398458,0.7602152262451731,0.9183371141264562,-4.9265175
221,0.06060552,-0.5646221,2670.238037109375,3158.65673828125,0.1143264533063068,81.68642491411734,Near,7.154305e-09,1.556149e-08,0.07942539148422337,0.3543839796068575,-8.145372
225,-0.36539042,-0.12395108,2365.86328125,3473.516845703125,0.48161209761402407,344.11256479512605,Far,0.0,0.0,0.0,0.0,-12.000001
227,-0.05491427,0.574646,2587.698974609375,3972.66552734375,0.49382015988977884,352.83525059823216,Far,6.1532295e-09,2.6508461e-08,0.06557989975943335,0.3831185356614073,-8.210827
228,0.4592711,0.5807589,2955.085205078125,3977.033203125,0.06551825080182279,46.81291498081758,Near,6.1353085e-06,0.0024530888,0.6998020129801479,1.0,-5.212164
230,-0.40088454,0.21494272,2340.502685546875,3715.656982421875,0.5887531745806637,420.665042506311,Far,0.0,0.0,0.0,0.0,-12.000001
232,-0.4175069,-0.20562816,2328.6259765625,3415.158447265625,0.4062460339532861,290.26339750928605,Far,0.0,0.0,0.0,0.0,-12.000001
235,-0.39322752,0.5171858,2345.9736328125,3931.610107421875,0.7230571588433667,516.6254366288023,Far,3.9913237e-09,2.721854e-08,0.02582145250570106,0.38454453716400466,-8.398775
237,-0.19877207,0.5513227,2484.912353515625,3956.0009765625,0.6123936643358858,437.5561978454067,Far,1.6161458e-08,8.011751e-09,0.1542768296152331,0.3185704912327136,-7.791493
238,-0.5122466,0.023168195,2260.934326171875,3578.6337890625,0.6505187910661121,464.7966517776403,Far,0.0,0.0,0.0,0.0,-12.000001
239,0.086844854,-0.05818667,2688.986083984375,3520.505615234375,0.14317512134642837,102.29884072019343,Near,5.7186176e-09,1.1181327e-09,0.058851755512757495,0.2123394910114891,-8.242634
241,0.39409202,0.67576206,2908.5146484375,4044.9130859375,0.062096393230541454,44.367969738458704,Near,1.944224e-05,0.000809916,0.8057427854361664,0.9402197111565233,-4.711254
243,0.34149376,0.20631428,2870.93310546875,3709.491943359375,0.03639563348194748,26.00474504238575,Near,5.140237e-05,0.00044128406,0.8950444778020834,0.9074621030368193,-4.289017
244,0.35767123,-0.22339794,2882.491943359375,3402.4619140625,0.08472377032977262,60.535258228388166,Near,7.568491e-06,0.0004888944,0.7190847786780941,0.9129891772486795,-5.120991
245,-0.46384263,0.38068295,2295.51904296875,3834.07861328125,0.7077086904112911,505.65892656826253,Far,0.0,0.0,0.0,0.0,-12.000001
246,-0.32587016,-0.49608073,2394.1005859375,3207.629638671875,0.11038555258094286,78.8706280060369,Near,5.2074487e-09,2.4782864e-08,0.05025102015527977,0.3794874201250343,-8.283293
247,0.5352354,0.44355628,3009.36181640625,3879.001708984375,0.0636929195378185,45.50869354901407,Near,5.842318e-06,0.0006942542,0.6953074515675662,0.931907208900645,-5.233415
248,-0.39731932,0.07208847,2343.050048828125,3613.58740234375,0.56464204154427,403.4375943838285,Far,0.0,1.8268306e-09,0.0,0.23882226581839427,-12.000001
252,0.1672628,0.08509163,2746.44482421875,3622.878173828125,0.024778680536032775,17.704402693980224,Near,0.00016083963,0.0003790395,0.9998220253534021,0.8992598646433698,-3.7936072
254,0.56150585,0.5924684,3028.132080078125,3985.399658203125,0.06348248238771254,45.35832026665003,Near,3.6456673e-05,0.0010600374,0.8634878813703855,0.9547378504362994,-4.438223
256,-0.46131477,-0.12923469,2297.3251953125,3469.74169921875,0.4902144110407564,350.2589314124041,Far,0.0,0.0,0.0,0.0,-12.000001
259,-0.36564806,-0.7183364,2365.67919921875,3048.82763671875,0.11543440446856966,82.47805997134621,Near,0.0,0.0,0.0,0.0,-12.000001
260,0.30841234,0.64128685,2847.29638671875,4020.280517578125,0.13987717774956587,99.9424486968822,Near,0.0,0.0,0.0,0.0,-12.000001
265,0.3509228,0.6923943,2877.670166015625,4056.796875,0.07464585790266796,53.33457826028153,Near,2.6921032e-05,0.00037081828,0.8356368731278897,0.8980769446143462,-4.569908
266,0.37185425,0.33277065,2892.625732421875,3799.84521484375,0.12871629305081964,91.96798770191984,Near,0.0,0.0,0.0,0.0,-12.000001
271,0.4097744,0.6965145,2919.7197265625,4059.74072265625,0.038750639878202084,27.687397688640033,Near,4.8634392e-05,0.0014718996,0.8899601713341441,0.9724452489355875,-4.313057
272,0.23132284,0.12963207,2792.2158203125,3654.702392578125,0.094429222318439,67.4698231515882,Near,0.0,0.0,0.0,0.0,-12.000001
275,0.43179175,0.6317225,2935.451171875,4013.44677734375,0.07570390782684457,54.09055334570523,Near,2.706514e-05,0.0005474894,0.8361272424333959,0.9190955556018098,-4.5675898
277,-0.4046196,0.10105931,2337.833984375,3634.287109375,0.5732694246469181,409.6018706876092,Far,0.0,0.0,0.0,0.0,-12.000001
278,-0.16736804,0.33259466,2507.3505859375,3799.719482421875,0.43136181060201567,308.20867489429077,Far,5.547948e-09,9.6857615e-09,0.05606873792203911,0.32880640806837474,-8.25579
279,0.03208811,0.67578083,2649.8623046875,4044.926513671875,0.3846070887944165,274.80235139657725,Far,7.928687e-09,8.06717e-09,0.08886529503231315,0.31894235369455537,-8.100744
281,-0.40105096,0.53732693,2340.3837890625,3946.0009765625,0.7419240711829771,530.1058661777386,Far,6.5533032e-09,1.2087589e-08,0.07136584634943893,0.34075640995100787,-8.183474
282,0.44273415,0.33041263,2943.26953125,3798.160400390625,0.08617082622632562,61.569181912771484,Near,8.897856e-06,0.000653981,0.7339479317177451,0.9286834684000957,-5.050715
283,-0.40665576,0.42592555,2336.379150390625,3866.404541015625,0.6804284414593951,486.1671547827457,Far,0.0,1.841019e-08,0.0,0.363452395521799,-12.000001
284,0.64664394,0.50738466,3088.96337890625,3924.607177734375,0.10147555312241234,72.50441496535822,Near,1.6968193e-05,0.00079032825,0.7932410746144746,0.9388990221801763,-4.7703648
288,0.36931342,0.6758249,2890.810302734375,4044.9580078125,0.0731697778350834,52.27989120336542,Near,3.2883852e-06,0.00039813138,0.6425173525046605,0.901910806037479,-5.4830174
289,-0.29221126,-0.15020066,2418.14990234375,3454.761474609375,0.4577349662112125,327.05231635548125,Far,5.443515e-09,9.618585e-10,0.05432326632916291,0.20421819053605034,-8.264042
290,-0.38420033,-0.71464884,2352.423583984375,3051.46240234375,0.11692797595810003,83.54521737238731,Near,0.0,0.0,0.0,0.0,-12.000001
296,-0.1032605,0.58417517,2553.155517578125,3979.47412109375,0.5370114771131373,383.6955179191364,Far,0.0,0.0,0.0,0.0,-12.000001
298,-0.14435941,0.6092483,2523.790283203125,3997.388916015625,0.5705135052581535,407.632766518116,Far,0.0,0.0,0.0,0.0,-12.000001
301,-0.42227423,0.41595322,2325.2197265625,3859.279296875,0.6884473306292876,491.8966656928891,Far,1.0513153e-08,1.3667401e-08,0.11478034392125014,0.34738269884379536,-7.978226
302,-0.4595554,0.23672365,2298.582275390625,3731.219482421875,0.6511089983886822,465.21837235545155,Far,4.6685047e-09,5.102392e-09,0.04021609522249323,0.2942305450238535,-8.3307295
303,-0.42477643,0.07307768,2323.431884765625,3614.294189453125,0.5921139641272769,423.0663362697682,Far,0.0,0.0,0.0,0.0,-12.000001
306,-0.1263829,0.34111583,2536.634521484375,3805.807861328125,0.4062524972300648,290.2680318023866,Far,0.0,0.0,0.0,0.0,-12.000001
308,0.50601447,0.16257885,2988.4833984375,3678.242919921875,0.09340839059237178,66.74042922111497,Near,1.5669193e-05,0.00021541031,0.7859256216069808,0.8687758172332231,-4.8049536
311,-0.24069309,-0.12942944,2454.959716796875,3469.6025390625,0.44986544538690104,321.4295508656055,Far,8.521998e-09,2.5993097e-10,0.09549363528472452,0.13363388999171832,-8.069408
312,-0.40229574,-0.07065678,2339.494384765625,3511.595703125,0.5376382706131019,384.1433484159158,Far,0.0,0.0,0.0,0.0,-12.000001
315,-0.15494439,0.5228046,2516.227294921875,3935.624755859375,0.5636270316174331,402.7123599393166,Far,0.0,0.0,0.0,0.0,-12.000001
318,-0.16732156,0.6513436,2507.3837890625,4027.466064453125,0.5854359706090119,418.2948950304968,Far,4.8077204e-09,7.368722e-08,0.04291509031384706,0.43826995617558445,-8.317971
320,-0.35149923,-0.0069244215,2375.78857421875,3557.132568359375,0.523038896411568,373.7120805840302,Far,3.9136454e-09,3.0810497e-08,0.024016227228820436,0.39123139226548237,-8.407309
321,0.55097383,0.30794594,3020.60693359375,3782.10791015625,0.10133477694075975,72.40383197910643,Near,5.493923e-06,9.7528944e-05,0.68965993317835,0.8260301067972158,-5.2601175
323,0.084772825,0.50577456,2687.505615234375,3923.456787109375,0.39970389117301275,285.5890246964701,Far,0.0,0.0,0.0,0.0,-12.000001
325,-0.29835525,-0.5767208,2413.760009765625,3150.01220703125,0.05323771568020333,38.038413654339756,Near,2.322612e-05,0.00022599088,0.8220767584531606,0.8713624762742301,-4.634023
326,0.6015629,0.52859837,3056.7529296875,3939.764404296875,0.060577022256071575,43.28235775807254,Near,2.3717479e-05,0.000454799,0.8239996530560125,0.9090894476463895,-4.6249313
330,-0.26387975,-0.22270498,2438.392822265625,3402.95703125,0.39054298123501296,279.0435398134679,Far,3.9106727e-09,2.3866917e-10,0.023946431748744407,0.12903035328621504,-8.407639
331,0.24723482,0.048199646,2803.5849609375,3596.518798828125,0.08094639397987999,57.836324731957035,Near,4.4749748e-05,0.00019953752,0.8823139525941326,0.8646467460942048,-4.3492093
332,-0.17196415,-0.15016888,2504.066650390625,3454.7841796875,0.399167766275414,285.20598058128377,Far,4.9624056e-09,2.5889326e-08,0.045823814916893704,0.3818436443550878,-8.304221
333,0.03567794,-0.5012885,2652.42724609375,3203.90869140625,0.13918975866155592,99.45129909772075,Near,0.0,4.0699604e-09,0.0,0.28203488443218055,-12.000001
335,0.10271755,0.15546992,2700.3271484375,3673.16357421875,0.11494699574962208,82.12980108583284,Near,0.0,0.0,0.0,0.0,-12.000001
336,0.22712137,0.045976244,2789.2138671875,3594.93017578125,0.06161268332079639,44.02235794436136,Near,3.2814648e-06,0.0005239222,0.6423238483435704,0.9167219867999171,-5.483932
340,-0.41278198,-0.022432188,2332.001953125,3546.05224609375,0.5858547468739045,418.59410146176634,Far,0.0,0.0,0.0,0.0,-12.000001
341,-0.47795457,0.15600263,2285.43603515625,3673.544189453125,0.6522122481212386,466.0066449747187,Far,6.0794836e-09,4.207476e-08,0.06447241390249166,0.4080402294271747,-8.216063
342,0.4725828,0.4056235,2964.596435546875,3851.898681640625,0.12425431317313815,88.77990014346794,Near,0.0,0.0,0.0,0.0,-12.000001
345,-0.23809178,0.5923898,2456.818359375,3985.343505859375,0.665668555322899,475.6211995763743,Far,0.0,0.0,0.0,0.0,-12.000001
346,-0.55927014,0.001647305,2227.3359375,3563.257080078125,0.6439614529097925,460.111423688276,Far,0.0,0.0,0.0,0.0,-12.000001
347,-0.26415753,0.5379724,2438.1943359375,3946.462158203125,0.6436052548897813,459.8569292848729,Far,0.0,3.8625334e-08,0.0,0.4034257999774618,-12.000001
349,0.4659027,0.15239502,2959.823486328125,3670.966552734375,0.09600357750543424,68.59470832172651,Near,2.9347391e-05,0.0004452513,0.8435633019754207,0.9079449114491137,-4.5324306
350,0.30110043,0.12641229,2842.072021484375,3652.40185546875,0.0803530134471716,57.4123522054355,Near,2.9809237e-06,3.9483348e-05,0.633500863175957,0.7772493222051066,-5.525649
354,0.09702698,-0.5239954,2696.26123046875,3187.6845703125,0.0745729751833898,53.282509923676365,Near,7.8553177e-07,0.00025074158,0.5110047177530047,0.8769688745656117,-6.104836
356,-0.22011665,-0.19914964,2469.66162109375,3419.787353515625,0.42422756929058836,303.1112260068302,Far,7.730749e-09,7.3994735e-09,0.08654312885449507,0.3142818415940677,-8.111723
357,-0.29963422,0.219913,2412.84619140625,3719.208251953125,0.4933622097581702,352.5080536640117,Far,0.0,0.0,0.0,0.0,-12.000001
358,-0.087149985,0.59751695,2564.66650390625,3989.0068359375,0.5178651811778885,370.01546576829037,Far,0.0,0.0,0.0,0.0,-12.000001
362,0.14354959,0.09483502,2729.501708984375,3629.83984375,0.041846221841839906,29.89918503276585,Near,8.570201e-05,0.00063146546,0.9419984050097248,0.9267935053078584,-4.0670094
364,-0.25013545,-0.5799532,2448.213134765625,3147.70263671875,0.09660681092051715,69.02570471761365,Near,0.0,0.0,0.0,0.0,-12.000001
365,-0.341653,-0.16981046,2382.82373046875,3440.750244140625,0.4352550256666111,310.9903623530394,Far,6.181776e-09,2.6897435e-09,0.06600503990899312,0.2596915768880173,-8.2088175
369,0.07213597,0.03306911,2678.4765625,3585.7080078125,0.09889078025102555,70.65761286632952,Near,0.0,1.3706521e-08,0.0,0.34753688332163263,-12.000001
370,0.18310747,-0.4466766,2757.765869140625,3242.928955078125,0.0885861753881462,63.29496353943306,Near,7.714999e-05,0.000590351,0.9323424937570066,0.9231616113629935,-4.1126647
372,-0.04938635,0.5084036,2591.648681640625,3925.335205078125,0.4976894356500225,355.5998419595097,Far,8.441971e-09,8.219095e-08,0.09462700658253634,0.44416159706100705,-8.073505
373,-0.41479078,-0.08280638,2330.566650390625,3502.914794921875,0.5271093651460629,376.62043163943844,Far,5.7647127e-09,0.0,0.059589162664336094,0.0,-8.239147
380,-0.1350773,0.6769077,2530.42236328125,4045.731689453125,0.5502513996008502,393.15546701267044,Far,8.002185e-09,3.5522176e-09,0.08971282459186587,0.27469507532101994,-8.096738
381,-0.48185876,-0.13790584,2282.646484375,3463.546142578125,0.4872365349263708,348.1312270085262,Far,1.0114577e-08,2.5356101e-08,0.11123031473618915,0.3807209755968486,-7.99501
382,-0.14002264,0.47676855,2526.888916015625,3902.73193359375,0.5175141606364334,369.76465386634516,Far,0.0,0.0,0.0,0.0,-12.000001
383,0.2649479,-0.11606854,2816.240966796875,3479.14892578125,0.10848890314213758,77.51549380267681,Near,0.0,3.951267e-09,0.0,0.28043827614309946,-12.000001
384,-0.29533333,0.27767357,2415.919189453125,3760.478271484375,0.5110602843830753,365.153353702059,Far,6.6423476e-09,3.4080593e-08,0.07260549862660647,0.3966729587971039,-8.177613
386,-0.26510745,0.5574117,2437.515625,3960.3515625,0.6587842816943302,470.7023685790509,Far,0.0,1.5716068e-09,0.0,0.23070441951799162,-12.000001
389,0.34691402,0.26409706,2874.805908203125,3750.77783203125,0.08842332396635942,63.17860166235239,Near,1.696907e-05,0.00026903895,0.7932458205106312,0.8807683953161657,-4.7703424
390,-0.026713608,0.5365752,2607.848388671875,3945.4638671875,0.48165195423503093,344.1410558409056,Far,0.0,0.0,0.0,0.0,-12.000001
393,0.4807626,-0.037127748,2970.44091796875,3535.55224609375,0.12196618982847873,87.14502991153154,Near,2.2797125e-05,7.139424e-05,0.8203643540353139,0.8092029613715829,-4.64212
394,0.66262496,0.43645245,3100.3818359375,3873.926025390625,0.13673854158876156,97.69986685166174,Near,3.8938976e-09,2.6506772e-08,0.02355158122900076,0.38311509778216163,-8.409505
395,-0.54432684,0.122054674,2238.012939453125,3649.288330078125,0.7142005112213802,510.2973577432339,Far,0.0,0.0,0.0,0.0,-12.000001
396,0.43320808,0.5262017,2936.463134765625,3938.052001953125,0.11368995183359852,81.23166267121137,Near,0.0,1.0763224e-08,0.0,0.3344964225764866,-12.000001
400,-0.53041136,-0.09016475,2247.95556640625,3497.6572265625,0.54779922020996,391.40336689852285,Far,8.6497645e-09,2.792324e-08,0.09686050494634484,0.38592342161949134,-8.062946
402,-0.23825511,-0.18817444,2456.70166015625,3427.629150390625,0.42994798895719977,307.19847683469965,Far,0.0,0.0,0.0,0.0,-12.000001
404,0.32542458,-0.19996698,2859.45166015625,3419.203369140625,0.075455777991072,53.913266191957355,Near,3.1241354e-05,0.00021242318,0.8493076245852806,0.8680225190180131,-4.50527
407,-0.154642,0.66825604,2516.443359375,4039.550048828125,0.5706598720625877,407.73734589996604,Far,0.0,0.0,0.0,0.0,-12.000001
409,0.05507213,0.09516031,2666.284423828125,3630.072265625,0.11741795394240107,83.89530432466991,Near,0.0,1.9349122e-09,0.0,0.24192298901612092,-12.000001
410,-0.2524969,0.354405,2446.52587890625,3815.302978515625,0.5124797587439254,366.16757062372443,Far,4.583855e-09,3.9786117e-09,0.03853534774235817,0.28081031679095064,-8.3386755
411,-0.38749596,0.11274147,2350.06884765625,3642.634033203125,0.5571680817309642,398.09744017539384,Far,0.0,0.0,0.0,0.0,-12.000001
413,-0.47380504,0.07475402,2288.40087890625,3615.491943359375,0.6411676123371752,458.11523547213915,Far,0.0,0.0,0.0,0.0,-12.000001
414,0.28733975,-0.12275857,2832.239990234375,3474.368896484375,0.08519343932051755,60.870842035763715,Near,5.0697545e-05,0.0007652184,0.893776297318171,0.9371572978071866,-4.2950134
419,0.3384636,-0.0055450043,2868.76806640625,3558.1181640625,0.1380068403936008,98.6060969829853,Near,9.274417e-09,1.8268306e-09,0.1032651164827036,0.23882226581839427,-8.032667
421,0.12630124,-0.043256707,2717.177734375,3531.173095703125,0.1113525574788896,79.56157049586051,Near,8.418014e-09,2.6161089e-09,0.09436597657480782,0.25819418480931433,-8.074739
422,-0.30752838,0.2575509,2407.205810546875,3746.1005859375,0.5140717230582825,367.30502716060107,Far,6.8146573e-09,7.3045115e-08,0.07495785413073784,0.43779782531593137,-8.166492
423,0.4171601,-0.006766559,2924.996826171875,3557.245361328125,0.14077755714112125,100.58577925171487,Near,0.0,0.0,0.0,0.0,-12.000001
426,-0.36880463,0.123055495,2363.423828125,3650.00341796875,0.5396642509043087,385.59093032586276,Far,0.0,0.0,0.0,0.0,-12.000001
429,0.5300331,0.5354227,3005.644775390625,3944.640380859375,0.03267266052856005,23.3446577194402,Near,2.8723915e-05,0.0008313351,0.8415909099157869,0.941627803107325,-4.5417566
430,-0.24849157,0.6432762,2449.3876953125,4021.701904296875,0.666934495916852,476.5257169867715,Far,5.8767142e-09,1.2198637e-08,0.06135662001676179,0.34124973656140767,-8.230792
433,0.34138578,0.18377446,2870.85595703125,3693.38720703125,0.022927327263245034,16.38162681571185,Near,9.054002e-05,0.0009734669,0.947042511070987,0.9501419775574212,-4.04316
435,0.5323197,0.4842339,3007.278564453125,3908.06591796875,0.02568278720238714,18.350402101910667,Near,4.5061726e-05,8.445459e-05,0.8829520874237519,0.8182655313971522,-4.3461924
438,-0.41253528,0.37009317,2332.17822265625,3826.51220703125,0.6573101568059487,469.6491008188779,Far,7.037052e-09,0.0,0.07790754116584468,0.0,-8.152548
439,-0.03178981,0.72685444,2604.221435546875,4081.418701171875,0.44394627714044804,317.2002928766034,Far,6.2312786e-09,4.3806292e-08,0.06673764461778203,0.41021579738193514,-8.205354
443,0.07863225,-0.47928888,2683.1181640625,3219.62744140625,0.10745351841224456,76.77571120524316,Near,0.0,5.3151754e-09,0.0,0.2964345508883637,-12.000001
445,-0.14414005,0.4936243,2523.947021484375,3914.775390625,0.5335646525598106,381.232752665713,Far,5.0934355e-09,2.9677974e-08,0.048217650307033066,0.3892111386230188,-8.292905
449,0.016675675,0.5368858,2638.85009765625,3945.685791015625,0.4423462829937787,316.05709367156044,Far,6.4321677e-09,6.211674e-09,0.06965210868502884,0.30484264296266833,-8.191576
451,0.44460526,-0.14676186,2944.6064453125,3457.218505859375,0.023574569583952817,16.844058456852125,Near,0.00016115158,0.00032957946,1.0,0.8917171270341977,-3.7927656
452,-0.25574163,0.5790173,2444.20751953125,3975.788818359375,0.6692784611348953,478.2004885153532,Far,0.0,0.0,0.0,0.0,-12.000001
454,-0.116161145,0.3200429,2543.93798828125,3790.751220703125,0.3843866632858873,274.64485300465157,Far,5.08424e-09,1.7306382e-08,0.04805167793859328,0.3601170342649137,-8.29369
455,-0.3625284,-0.057260334,2367.908203125,3521.16748046875,0.5426192105198124,387.7022476386221,Far,4.6594044e-09,3.9999506e-08,0.040036874490570785,0.40531164532826525,-8.331577
456,-0.37086505,0.38632736,2361.95166015625,3838.111572265625,0.6291257872441225,449.51133864050854,Far,0.0,0.0,0.0,0.0,-12.000001
458,-0.39439338,-0.49955508,2345.140625,3205.147216796875,0.11717397995079108,83.72097984383035,Near,7.377332e-06,0.0004405666,0.7167350574147936,0.9073743245832167,-5.132101
459,0.67339855,0.45766616,3108.07958984375,3889.083251953125,0.13719934216339105,98.02911078788496,Near,2.2067895e-06,5.7893317e-06,0.6058815249114369,0.6736825086014765,-5.656239
465,-0.014534964,0.4039731,2616.550048828125,3850.719482421875,0.38875418597214656,277.7654636597389,Far,0.0,0.0,0.0,0.0,-12.000001
469,0.09905938,-0.4368837,2697.71337890625,3249.926025390625,0.12111398108989588,86.5361428842335,Near,0.0,0.0,0.0,0.0,-12.000001
470,-0.29331425,0.60276127,2417.36181640625,3992.75390625,0.7115640504568079,508.4135904524925,Far,4.4169433e-09,3.0529808e-08,0.03512833551889914,0.3907376919081314,-8.35478
472,0.4423641,0.39073896,2943.005126953125,3841.263671875,0.144863997360538,103.50555251639565,Near,6.237198e-09,1.0732962e-08,0.06682485582090736,0.3343445367390583,-8.204942
475,-0.39595118,-0.21947461,2344.027587890625,3405.26513671875,0.38914885823785567,278.04744100253146,Far,9.100913e-09,7.2799726e-09,0.10153049468651858,0.3134035241732663,-8.040868
476,-0.44522613,0.08064687,2308.820556640625,3619.702392578125,0.6127635278904798,437.82046888084574,Far,3.985705e-09,9.526871e-09,0.025692060882327887,0.3279141263154437,-8.399386
477,-0.5157042,0.34912616,2258.4638671875,3811.53125,0.7414655008541644,529.7782177165252,Far,0.0,0.0,0.0,0.0,-12.000001
480,0.47163767,-0.11262291,2963.921142578125,3481.61083984375,0.04592662881689744,32.81464979304563,Near,1.0405056e-05,9.919338e-05,0.7483210452281461,0.8269429658727543,-4.982756
487,0.6505338,0.46000746,3091.74267578125,3890.756103515625,0.11515076171254982,82.2753627788372,Near,1.23274785e-05,0.0001597285,0.7638935104764313,0.8526425559580614,-4.909126
489,-0.4447023,0.36860815,2309.19482421875,3825.451171875,0.6851789620784474,489.5614246525588,Far,0.0,1.3900088e-08,0.0,0.34829337785657394,-12.000001
496,-0.06252071,0.667724,2582.26416015625,4039.169921875,0.4793710098054855,342.51131281172763,Far,6.8780155e-09,4.293185e-09,0.07580788676362352,0.2849153059431453,-8.162475
497,-0.19716781,0.5899908,2486.05859375,3983.62939453125,0.6263108535943981,447.5000651591935,Far,0.0,0.0,0.0,0.0,-12.000001
500,-0.49332258,0.07772232,2274.45556640625,3617.61279296875,0.6607518928277752,472.10823342732743,Far,0.0,0.0,0.0,0.0,-12.000001
501,-0.32954404,0.1407812,2391.4755859375,3662.66845703125,0.5032193257319937,359.550973756867,Far,0.0,0.0,0.0,0.0,-12.000001
503,0.3464876,0.082946815,2874.501220703125,3621.345703125,0.0957659678676425,68.42493075298295,Near,4.057335e-09,1.5202344e-08,0.027328134787454376,0.35312438617824665,-8.391653
504,-0.25202298,0.28890094,2446.864501953125,3768.500244140625,0.4774937482883279,341.17000784899165,Far,0.0,0.0,0.0,0.0,-12.000001
505,0.44809943,0.12572071,2947.10302734375,3651.90771484375,0.0991632815048975,70.85230361747722,Near,2.277253e-05,0.0009433221,0.820265206681917,0.9484450835783732,-4.642589
507,0.2747644,0.69968605,2823.2548828125,4062.0068359375,0.14183105776315313,101.33849828941723,Near,3.892283e-09,0.0,0.023513484518659335,0.0,-8.409685
510,0.26495403,-0.22805692,2816.245361328125,3399.133056640625,0.13790028637087795,98.52996651720628,Near,0.0,0.0,0.0,0.0,-12.000001
511,-0.026472373,0.4268314,2608.020751953125,3867.0517578125,0.41454152052114523,296.19054562940124,Far,5.2131375e-09,1.7462298e-09,0.05035130725944111,0.2363880842999754,-8.282818
516,-0.25519526,-0.68364424,2444.597900390625,3073.615234375,0.11814901342668033,84.41765818283471,Near,5.840099e-09,1.8930292e-08,0.06078254237702518,0.3649552490633318,-8.233506
517,0.5536592,0.5300174,3022.525634765625,3940.7783203125,0.025030743577484603,17.884515818698553,Near,6.7960514e-06,0.0002693993,0.7091967480309028,0.8808405975458542,-5.1677437
521,-0.4785146,0.016425556,2285.035888671875,3573.816162109375,0.6360004605592231,454.4232821003184,Far,0.0,0.0,0.0,0.0,-12.000001
525,-0.22240531,-0.16181928,2468.0263671875,3446.4599609375,0.4484807731597195,320.4401920998665,Far,4.984755e-09,2.2225877e-09,0.046236560171819076,0.24940030366515245,-8.30227
526,0.4333041,0.31202507,2936.53173828125,3785.0224609375,0.07300831108093259,52.164546927167656,Near,2.7770358e-05,0.0004756574,0.8384899160238015,0.9115084605528955,-4.5564184
528,-0.215826,0.59199655,2472.727294921875,3985.0625,0.6440262372538439,460.157729248493,Far,1.05164215e-08,1.8152976e-08,0.11480889584658276,0.36269339914884496,-7.9780912
530,-0.1900517,0.4515478,2491.14306640625,3884.711669921875,0.5298050349781759,378.5465061115721,Far,0.0,0.0,0.0,0.0,-12.000001
532,-0.08102513,0.6201774,2569.042724609375,4005.19775390625,0.506340000546043,361.7807027480326,Far,1.3175941e-08,1.945364e-08,0.1355173100104454,0.36642637202777045,-7.8801856
533,-0.23342903,0.0876943,2460.14990234375,3624.73779296875,0.4015635605149256,286.91777780473535,Far,5.6678378e-09,2.2087411e-08,0.05803249244632144,0.3732759521543413,-8.246507
534,0.43394476,0.2172676,2936.989501953125,3717.318115234375,0.04686252450043649,33.48334363807784,Near,2.5855363e-05,0.00038391104,0.8319269945743787,0.8999487655696609,-4.5874496
537,-0.28560224,-0.17960511,2422.8720703125,3433.751953125,0.4293677028311929,306.7838652112575,Far,0.0,0.0,0.0,0.0,-12.000001
538,-0.25929353,-0.7096239,2441.669677734375,3055.052734375,0.13420451957967822,95.88934663526818,Near,0.0,0.0,0.0,0.0,-12.000001
539,-0.013780163,0.6664618,2617.08935546875,4038.26806640625,0.4313695781557496,308.2142212795228,Far,7.47208e-09,3.8956017e-08,0.08341718899830729,0.40388567282918597,-8.126501
540,-0.55355704,0.030878853,2231.41796875,3584.14306640625,0.6697590988155266,478.54387888731964,Far,4.465409e-09,0.0,0.03613070639838913,0.0,-8.350042
545,0.2715354,-0.06064208,2820.94775390625,3518.751220703125,0.1269259870022349,90.68881375703977,Near,0.0,0.0,0.0,0.0,-12.000001
546,-0.3064206,-0.0838523,2407.997314453125,3502.16748046875,0.4950757894023115,353.73241178686527,Far,0.0,1.5954102e-09,0.0,0.2315153383695099,-12.000001
550,0.42665404,-0.026453922,2931.7802734375,3543.1787109375,0.12625933903458844,90.21249386257634,Near,8.772346e-09,2.5102556e-08,0.09815306504940037,0.38017884598179025,-8.056835
551,0.26307812,0.18654354,2814.905029296875,3695.36572265625,0.10070973984543644,71.95726591945548,Near,7.0846955e-09,1.4908436e-09,0.07852731927979649,0.22785847658504152,-8.149618
552,0.021765884,0.04577738,2642.487060546875,3594.7880859375,0.14615863022315617,104.4305622463443,Near,0.0,0.0,0.0,0.0,-12.000001
554,-0.24931778,0.60770315,2448.79736328125,3996.284912109375,0.6735718704930689,481.2681316380925,Far,0.0,0.0,0.0,0.0,-12.000001
555,0.06401972,0.48660043,2672.677490234375,3909.7568359375,0.42772032592495374,305.60681199345237,Far,0.0,0.0,0.0,0.0,-12.000001
556,-0.45210785,-0.071795985,2303.903564453125,3510.78173828125,0.5442288855427004,388.8523529507924,Far,0.0,0.0,0.0,0.0,-12.000001
557,0.3700525,0.073620625,2891.33837890625,3614.68212890625,0.10381130169797718,74.17332833881079,Near,8.8705345e-09,1.3776199e-08,0.09917544374395491,0.34781041960664316,-8.052002
560,-0.41435888,0.04920901,2330.875244140625,3597.239990234375,0.5816648065363016,415.60039383823806,Far,4.950265e-09,1.1929589e-08,0.04559882433167974,0.3400466336498206,-8.3052845
561,-0.21683058,-0.6561375,2472.009521484375,3093.268798828125,0.13650705033526442,97.53450839770025,Near,0.0,0.0,0.0,0.0,-12.000001
566,0.12436487,0.05329464,2715.794189453125,3600.1591796875,0.04340621902490486,31.013809190344396,Near,1.5062586e-05,0.00039069218,0.7822990660267745,0.9008932932835466,-4.8221006
567,-0.174342,-0.21307024,2502.36767578125,3409.841064453125,0.42690231116053967,305.0223401072397,Far,0.0,0.0,0.0,0.0,-12.000001
569,-0.30140284,-0.52946657,2411.58251953125,3183.775390625,0.0864886381335881,61.796238624681585,Near,7.120918e-05,0.00031304458,0.9249824302987186,0.8889404818024759,-4.1474643
570,0.50169474,0.23836446,2985.39697265625,3732.391845703125,0.0341682590738521,24.413283939001914,Near,1.5127852e-05,0.001230273,0.7826962006693348,0.9627719720672541,-4.820223
579,-0.08208233,0.65893227,2568.287353515625,4032.88818359375,0.5000107611741575,357.2584501694279,Far,5.6055867e-09,0.0,0.05701808276494625,0.0,-8.251302
580,-0.515287,-0.055564854,2258.761962890625,3522.37890625,0.5757468820382013,411.372013130026,Far,1.0786355e-08,8.107389e-09,0.11713678084371969,0.31921063129043675,-7.967086
582,-0.20114581,0.4114292,2483.21630859375,3856.046875,0.508882252203357,363.59715299698235,Far,5.2559854e-09,2.7769387e-09,0.05110317247907564,0.26141259661443256,-8.2792635
583,0.5000037,-0.15195014,2984.188720703125,3453.511474609375,0.03527410343187368,25.20342018560009,Near,0.000102168124,0.00020339762,0.9581407603794344,0.8656803572221201,-3.9906847
586,-0.3442963,-0.14270629,2380.93505859375,3460.1162109375,0.46235642495676454,330.3543500639444,Far,0.0,0.0,0.0,0.0,-12.000001
587,-0.35207292,-0.501786,2375.378662109375,3203.55322265625,0.10363756288100541,74.04918353685413,Near,4.9854476e-05,0.0005373308,0.8922360152410034,0.918085213814903,-4.302296
589,-0.32128805,0.63649666,2397.37451171875,4016.85791015625,0.7399780800136071,528.7154569935913,Far,5.3323905e-09,6.107368e-09,0.05242879051741561,0.30392911282931095,-8.272997
591,-0.3712744,0.546323,2361.6591796875,3952.4287109375,0.7253690823828064,518.2773169907946,Far,7.560503e-09,2.6473417e-08,0.08449776892443002,0.38304717373799824,-8.121392
594,0.34953687,-0.14586867,2876.679931640625,3457.856689453125,0.02216915996019802,15.83989288661123,Near,3.217122e-05,0.00012740554,0.8520016060289637,0.8404455939223848,-4.4925327
596,0.20815293,0.035517003,2775.660888671875,3587.45703125,0.04787475178830032,34.20658141943927,Near,5.4539232e-05,0.00031897947,0.9004854142813982,0.889953627323315,-4.2632914
600,-0.32150877,0.577698,2397.216796875,3974.84619140625,0.7117045633368638,508.5140089700034,Far,5.4645843e-09,1.1676994e-08,0.05467809672967109,0.3388921461142114,-8.262364
601,0.3598403,-0.024434512,2884.041748046875,3544.62158203125,0.11579076861746336,82.73268081219985,Near,0.0,0.0,0.0,0.0,-12.000001
604,0.3282138,0.065782174,2861.444580078125,3609.08154296875,0.11684313996253866,83.48459799599499,Near,0.0,0.0,0.0,0.0,-12.000001
605,-0.3037226,0.31208178,2409.925048828125,3785.06298828125,0.5339995522199106,381.5434929206397,Far,5.348553e-09,6.970619e-09,0.05270677496389466,0.3110610714496748,-8.271684
606,0.382048,-0.042886995,2899.9091796875,3531.437255859375,0.09746308242785473,69.63752063210995,Near,7.283626e-09,9.0969845e-09,0.08107087501084953,0.32542330956656057,-8.137593
607,0.11287166,-0.4066496,2707.582275390625,3271.5283203125,0.14031113364203046,100.25252475228861,Near,0.0,0.0,0.0,0.0,-12.000001
608,-0.28723827,0.29981363,2421.703125,3776.29736328125,0.513687269207451,367.03032776841354,Far,0.0,0.0,0.0,0.0,-12.000001
609,-0.37959874,-0.17631084,2355.71142578125,3436.105712890625,0.43027456500529343,307.43181451533434,Far,0.0,0.0,0.0,0.0,-12.000001
611,0.25822335,0.02378256,2811.436279296875,3579.07275390625,0.09808027248894763,70.07850171458908,Near,1.3060819e-08,1.187208e-09,0.13471124650818403,0.21557318003419249,-7.883997
615,0.3731486,0.25426447,2893.550537109375,3743.75244140625,0.0776687616144272,55.49445903725528,Near,9.329088e-06,0.0007008995,0.7382949992260915,0.9324211090295159,-5.0301614
616,-0.3125195,-0.024060698,2403.6396484375,3544.888671875,0.4870827886411884,348.02139549453545,Far,4.762312e-09,1.2620194e-08,0.04204343358693601,0.34308246170184653,-8.322092
617,0.09850242,0.114369646,2697.3154296875,3643.79736328125,0.08741547426347114,62.45848960636363,Near,4.4651234e-09,1.8817354e-09,0.03612483256404431,0.2404196782488262,-8.35007
619,-0.3560304,0.44933876,2372.551025390625,3883.13330078125,0.6520053689088089,465.8588318776981,Far,3.889867e-09,2.0635744e-08,0.023456456618371587,0.3696086090543442,-8.409954
621,-0.5604524,-0.023153843,2226.4912109375,3545.53662109375,0.6210628421755028,443.7503312150632,Far,0.0,1.9756334e-09,0.0,0.24304650566549058,-12.000001
624,0.5602467,0.48773348,3027.232421875,3910.56640625,0.024047042479318295,17.181620337754094,Near,2.6606398e-05,0.0007047134,0.8345570504856216,0.932713849781181,-4.575014
629,-0.39874077,0.16389096,2342.034423828125,3679.180419921875,0.5753409908041113,411.08200622814866,Far,3.6535055e-09,1.2344965e-08,0.017698460167486198,0.3418929804803261,-8.437172
631,0.39682487,0.6023242,2910.46728515625,3992.441650390625,0.11279101460291782,80.58934204077043,Near,0.0,0.0,0.0,0.0,-12.000001
633,-0.29217982,-0.10988423,2418.17236328125,3483.567626953125,0.4898947433985019,350.0305494702991,Far,0.0,0.0,0.0,0.0,-12.000001
636,0.121094175,-0.5095141,2713.457275390625,3198.031494140625,0.05565492580734613,39.765543609715714,Near,2.2037068e-05,0.0004895297,0.8172497953278793,0.9130592287716226,-4.6568465
637,0.04126224,-0.52147436,2656.417236328125,3189.48583984375,0.13025070067509806,93.06432838161784,Near,7.256368e-09,2.866395e-09,0.08072648445761464,0.2631229732897915,-8.139221
638,0.6312301,0.38948736,3077.9501953125,3840.369384765625,0.1452262874543889,103.76439833896103,Near,0.0,0.0,0.0,0.0,-12.000001
639,0.16491091,0.15349767,2744.764404296875,3671.75439453125,0.09321274847723729,66.60065072383601,Near,4.7886934e-09,2.6031258e-10,0.04255085687579636,0.1337130298546535,-8.319693
640,-0.21455832,-0.55306226,2473.633056640625,3166.916259765625,0.1389599864895188,99.28712090516288,Near,0.0,0.0,0.0,0.0,-12.000001
642,0.3078376,-0.1885609,2846.8857421875,3427.35302734375,0.07972040020623672,56.96034534561453,Near,7.4316627e-06,0.00034435213,0.7174090231161708,0.894082465290116,-5.1289144
643,-0.2575557,0.33442548,2442.911376953125,3801.027587890625,0.5055244516796038,361.19797931066444,Far,5.6499982e-09,3.3933691e-09,0.05774293304268685,0.2722271588850531,-8.247875
644,0.26446608,-0.16185345,2815.896728515625,3446.435546875,0.10864718016602888,77.62856451356767,Near,7.062796e-09,1.4412275e-09,0.07824295804404208,0.2260326057008218,-8.150963
647,0.3230792,-0.048129257,2857.77587890625,3527.691650390625,0.10327588724497005,73.79077996415522,Near,0.0,0.0,0.0,0.0,-12.000001
648,-0.08446359,0.5054602,2566.5859375,3923.232177734375,0.5113614492047038,365.36854778301426,Far,0.0,0.0,0.0,0.0,-12.000001
650,0.29839626,0.28916132,2840.139892578125,3768.686279296875,0.12942745265884492,92.47611048707921,Near,0.0,0.0,0.0,0.0,-12.000001
651,-0.21783721,-0.12435154,2471.290283203125,3473.230712890625,0.4270299760155246,305.11356607245654,Far,3.9904613e-09,3.500581e-08,0.025801603567992354,0.39811792766186893,-8.398869
652,-0.1599403,0.478749,2512.65771484375,3904.14697265625,0.5311397152805114,379.5001335549025,Far,4.0130668e-09,6.569992e-09,0.026320464687978506,0.3078679945609844,-8.396416
653,-0.40610904,-0.18762158,2336.769775390625,3428.024169921875,0.42212088765107647,301.60599894704967,Far,4.433204e-09,1.5013967e-08,0.03546586285934573,0.3524517606519169,-8.353185
655,0.33643976,0.102343395,2867.322021484375,3635.20458984375,0.07956307064469942,56.847936427329564,Near,4.6093833e-06,0.00068251183,0.673535483657332,0.9309870011222379,-5.336357
656,-0.27435812,0.22993897,2430.906005859375,3726.371826171875,0.47301846682022525,337.9724152197393,Far,7.482371e-09,3.1199523e-09,0.08354360983614603,0.2676954853712591,-8.125903
658,0.48317838,0.44965175,2972.1669921875,3883.35693359375,0.08409221920244019,60.084031660710316,Near,0.00010587715,0.00045607,0.96141617421988,0.9092399932945516,-3.975198
659,-0.28897065,0.40014887,2420.46533203125,3847.987060546875,0.5688409192375011,406.4377073598776,Far,0.0,0.0,0.0,0.0,-12.000001
661,0.10461361,0.17958564,2701.681884765625,3690.394287109375,0.13469596102099332,96.24046823257376,Near,5.9224328e-09,7.8310397e-10,0.06206842620898393,0.19312701429957652,-8.2274275
666,0.5597393,0.20593192,3026.869873046875,3709.21875,0.10014769400121631,71.55566980883232,Near,3.1554326e-05,0.00037746562,0.850223205468258,0.8990354040576097,-4.5009413
667,0.20413256,-0.4340763,2772.788330078125,3251.931884765625,0.10570710876350234,75.52789073476715,Near,1.4622525e-05,0.000738098,0.7795755890446615,0.9352107124481001,-4.8349776
669,-0.3430611,-0.65796936,2381.817626953125,3091.9599609375,0.05290869965759483,37.80337102891471,Near,6.1009432e-05,0.00017546787,0.9107827563649866,0.8577123227675022,-4.2146034
670,-0.22559638,0.6463952,2465.746337890625,4023.930419921875,0.6438279351639138,460.0160488203675,Far,4.187743e-09,3.016685e-08,0.03023392302764454,0.3900925146240074,-8.377917
671,-0.046278644,0.59077734,2593.869140625,3984.19140625,0.4805702963231782,343.3682014732616,Far,1.4753026e-08,7.70213e-09,0.14590168440589787,0.3164443864860101,-7.83109
677,-0.031463493,0.5012037,2604.45458984375,3920.19091796875,0.4835822086414837,345.5202434508692,Far,0.0,9.993087e-09,0.0,0.3304914670024425,-12.000001
685,-0.43832085,-0.08915744,2313.75439453125,3498.376953125,0.5245599500473994,374.79886994610405,Far,9.253061e-09,9.641948e-10,0.10305337367702729,0.20434906381837473,-8.0336685
686,0.3272499,0.6861803,2860.755859375,4052.35693359375,0.09797150335959585,70.0007942550592,Near,7.7079596e-07,0.0005292692,0.5092653012108816,0.9172697442521676,-6.1130605
687,-0.48407874,0.37061834,2281.060302734375,3826.887451171875,0.7214244809548492,515.4588961393383,Far,5.296984e-09,5.1809167e-08,0.05181687308428037,0.4192671963551078,-8.27589
688,0.33427855,-0.23660576,2865.77783203125,3393.02490234375,0.10356807404306857,73.99954660782589,Near,0.0,0.0,0.0,0.0,-12.000001
691,0.6138376,0.37723967,3065.523193359375,3831.618408203125,0.14633925433824116,104.55959569645,Near,0.0,0.0,0.0,0.0,-12.000001
693,0.5102166,0.5812205,2991.48583984375,3977.363037109375,0.04427664615266796,31.635730382720162,Near,9.979364e-06,0.00018393088,0.7444841685964784,0.8602533506556814,-5.0008974
694,-0.11175296,0.6097622,2547.087646484375,3997.756103515625,0.5386397186280591,384.8588947056808,Far,4.3168575e-09,8.202118e-09,0.03302307578981716,0.3198372827232578,-8.364733
695,-0.22629139,-0.07972567,2465.249755859375,3505.115966796875,0.4176676303556747,298.4241620273798,Far,5.5211564e-09,1.0331245e-08,0.05562410403111499,0.3322867129306057,-8.257892
696,0.21650153,0.17763013,2781.6259765625,3688.9970703125,0.12725545346288178,90.92421149335948,Near,0.0,0.0,0.0,0.0,-12.000001
697,0.42368063,0.24743882,2929.65576171875,3738.87548828125,0.04534604849093298,32.3998244434622,Near,2.4803749e-05,0.00021446115,0.828113008533312,0.8685375943062391,-4.6054826
702,-0.3458992,0.24432257,2379.789794921875,3736.64892578125,0.5450965209048341,389.47229961526045,Far,0.0,0.0,0.0,0.0,-12.000001
707,-0.2273585,-0.019553076,2464.4873046875,3548.109375,0.4025604911093552,287.6300827934206,Far,0.0,4.163476e-09,0.0,0.2832603506276132,-12.000001
710,-0.3922175,-0.4754339,2346.6953125,3222.3818359375,0.1385077358129307,98.96396772148617,Near,5.966063e-09,1.6382845e-08,0.06274261635480481,0.3571586638920581,-8.22424
711,-0.35098737,-0.1022443,2376.154296875,3489.0263671875,0.5028744930485426,359.3045759962099,Far,0.0,0.0,0.0,0.0,-12.000001
713,0.3126285,0.26354966,2850.308837890625,3750.38671875,0.10013357325165403,71.54561162550878,Near,0.0,7.6560225e-09,0.0,0.31612048653474006,-12.000001
715,0.117005125,0.49004266,2710.53564453125,3912.21630859375,0.38362547061925517,274.10097225028346,Far,3.8595913e-09,1.1898769e-08,0.022738754758106956,0.339907087974391,-8.413347
716,0.12212062,-0.0023248836,2714.190673828125,3560.4189453125,0.07717286891208903,55.14013000648764,Near,2.1819336e-05,0.00022702236,0.8163377654032206,0.8716081352646422,-4.6611586
717,-0.18689993,0.29440665,2493.39501953125,3772.43408203125,0.42448384244891163,303.2943508602659,Far,0.0,0.0,0.0,0.0,-12.000001
719,-0.35454372,0.28446507,2373.61328125,3765.330810546875,0.5678561142185826,405.7340556139895,Far,5.8256697e-09,2.2362654e-09,0.06055531985883137,0.249731261489098,-8.23458
720,-0.14449029,-0.24970765,2523.69677734375,3383.66357421875,0.40724754580621697,290.9789784625494,Far,4.165405e-09,1.0501926e-08,0.029742658339874356,0.3331706486749043,-8.3802395
722,-0.046149828,0.4866305,2593.961181640625,3909.7783203125,0.47672287932807955,340.6192305645853,Far,5.8984297e-09,1.8793864e-08,0.061695403564564086,0.3645650684703829,-8.229191
723,-0.3871396,-0.1981601,2350.323486328125,3420.494384765625,0.409243536984832,292.4051130774556,Far,0.0,0.0,0.0,0.0,-12.000001
724,0.2679575,-0.035796165,2818.391357421875,3536.503662109375,0.13924463247408778,99.49050861704944,Near,3.0785812e-09,1.7029199e-09,0.001971745908813638,0.23503327354853665,-8.511509
725,0.4667313,0.49495724,2960.41552734375,3915.727783203125,0.0792814522799944,56.64674493651948,Near,1.4220631e-05,0.00052415516,0.7770157386772922,0.9167459665394538,-4.847081
727,-0.3452978,-0.70001,2380.219482421875,3061.921875,0.09496663541305846,67.8538105848638,Near,0.0,0.0,0.0,0.0,-12.000001
728,0.20105322,-0.071154624,2770.588134765625,3511.239990234375,0.13575635830999586,96.99812621157618,Near,0.0,0.0,0.0,0.0,-12.000001
729,-0.26748735,-0.07075279,2435.815185546875,3511.527099609375,0.45401682040273134,324.3957090799356,Far,0.0,0.0,0.0,0.0,-12.000001
731,-0.28098288,-0.20750952,2426.172607421875,3413.814208984375,0.40242584924645786,287.53386617317557,Far,0.0,5.0072124e-10,0.0,0.16900198599093197,-12.000001
734,0.39496505,0.33211425,2909.138427734375,3799.376220703125,0.11180585666441382,79.88546419625173,Near,0.0,0.0,0.0,0.0,-12.000001
736,-0.0013999188,0.57963884,2625.93505859375,3976.23291015625,0.4417717416462338,315.6465808252121,Far,0.0,0.0,0.0,0.0,-12.000001
739,0.23043784,0.08999834,2791.58349609375,3626.384033203125,0.06985880394373704,49.91422586418784,Near,0.00015057412,0.0010263191,0.993764187011772,0.952994054987976,-3.82225
742,0.31329548,0.14653464,2850.785400390625,3666.779296875,0.05871349858089639,41.95089444174797,Near,7.99336e-06,0.00092252885,0.7241014910961818,0.9472426984644495,-5.097271
743,-0.23143491,-0.68876725,2461.57470703125,3069.954833984375,0.1398132873907982,99.89681265068872,Near,0.0,0.0,0.0,0.0,-12.000001
744,0.10046784,0.002420216,2698.7197265625,3563.809326171875,0.08834449008707915,63.122271698355256,Near,9.208513e-05,0.0013977694,0.9485967808455555,0.9696575865702569,-4.035811
746,-0.24006951,-0.6211871,2455.4052734375,3118.240966796875,0.10460312698528072,74.73909600890958,Near,6.3052763e-09,1.7933722e-09,0.0678219781436789,0.23782510659013698,-8.200228
747,0.5149815,0.20405431,2994.890380859375,3707.877197265625,0.06383275039071652,45.60859831109148,Near,1.8068573e-05,0.00045604547,0.799012447731748,0.9092370912206511,-4.7430763
748,0.3593715,0.20135322,2883.706787109375,3705.947265625,0.024464058005950303,17.479616018626352,Near,2.4213105e-05,0.0005739458,0.8258993059414871,0.9216413199807241,-4.6159496
749,0.5349658,-0.08741549,3009.169189453125,3499.62158203125,0.09927004184794147,70.92859920251256,Near,5.4386637e-06,7.708963e-06,0.6887313896556431,0.6891305413868137,-5.264508
751,0.059154004,0.017270222,2669.200927734375,3574.419677734375,0.11630392965213812,83.09933481676076,Near,0.0,0.0,0.0,0.0,-12.000001
752,0.0022298926,0.6289866,2628.528564453125,4011.491943359375,0.4233864682117193,302.5102798509265,Far,1.0582116e-08,7.454218e-10,0.11538089236255103,0.19046670610743263,-7.975387
753,0.5423775,0.34570956,3014.46484375,3809.090087890625,0.12190544930047241,87.10163128872625,Near,0.0,0.0,0.0,0.0,-12.000001
755,-0.42514992,0.39181805,2323.1650390625,3842.03466796875,0.6788032950052207,485.00598650757394,Far,5.733377e-09,4.136534e-09,0.05908851253091119,0.2829101367146154,-8.241514
756,-0.47181603,-0.21287684,2289.822021484375,3409.979248046875,0.41266702229177205,294.8512016524227,Far,0.0,0.0,0.0,0.0,-12.000001
758,0.4132788,0.5845961,2922.2236328125,3979.77490234375,0.10242879205318503,73.18552269125485,Near,4.509214e-09,6.978125e-09,0.03702736759198266,0.31111912834513306,-8.345803
763,-0.49146104,-0.08490404,2275.78564453125,3501.416015625,0.5408138950416829,386.4123385011024,Far,7.032401e-09,0.0,0.07784681414407293,0.0,-8.152835
765,0.5115933,0.28923786,2992.469482421875,3768.740966796875,0.05903107136601133,42.17778456257234,Near,5.4571424e-06,0.0007180745,0.6890429407912249,0.9337270504698861,-5.263035
766,-0.47728792,0.24840683,2285.912353515625,3739.567138671875,0.6713746028139379,479.6981806776878,Far,4.928748e-09,2.9058393e-08,0.045198707428650585,0.38807301990573223,-8.307176
767,0.3133597,-0.1498142,2850.831298828125,3455.03759765625,0.058354280583983634,41.69421561465362,Near,2.2707734e-06,0.00030215847,0.6085068081190693,0.8870311550408218,-5.6438265
769,-0.43724757,0.031811677,2314.521240234375,3584.8095703125,0.6051190840852743,432.3585107079976,Far,0.0,0.0,0.0,0.0,-12.000001
773,-0.33898538,-0.030610966,2384.729736328125,3540.20849609375,0.5142866308033197,367.4585736538206,Far,6.547723e-09,0.0,0.07128759716150457,0.0,-8.183844
774,0.18547814,0.00048554665,2759.459716796875,3562.427001953125,0.06255733735554758,44.69731425173721,Near,2.9449358e-05,0.00030306118,0.8438818867258002,0.8871920779236537,-4.5309243
775,-0.20050925,-0.060030445,2483.671142578125,3519.188232421875,0.38690126472344866,276.44153789979674,Far,0.0,0.0,0.0,0.0,-12.000001
776,0.18520992,0.13948618,2759.26806640625,3661.7431640625,0.08119573670662047,58.01447590687298,Near,1.3345378e-05,0.0007405389,0.7711809700283966,0.9353888132461025,-4.8746696
777,-0.3628964,-0.4786253,2367.645263671875,3220.1015625,0.12792753437306106,91.40439248113137,Near,0.0,0.0,0.0,0.0,-12.000001
778,-0.10741003,-0.22796604,2550.190673828125,3399.197998046875,0.3981399845100661,284.47162236516556,Far,0.0,0.0,0.0,0.0,-12.000001
782,0.32607174,0.08883693,2859.9140625,3625.55419921875,0.09592098852346906,68.53569266238993,Near,4.4185726e-09,4.2935797e-09,0.035162212435315685,0.2849202664149723,-8.354621
784,0.24439569,0.16881032,2801.556396484375,3682.6953125,0.11925584170619022,85.2084876719354,Near,0.0,2.8796267e-08,0.0,0.3875841921880037,-12.000001
786,-0.31373388,-0.6754395,2402.77197265625,3079.4775390625,0.07638327905713002,54.57598738493605,Near,5.983618e-06,0.00014240148,0.6975025054039139,0.8464483231962193,-5.2230363
787,0.4181616,0.6482475,2925.71240234375,4025.25390625,0.08716167121909833,62.277119264124494,Near,2.3874452e-05,0.0010572358,0.8246055684109027,0.9545950866756147,-4.6220665
790,0.44815513,0.47890618,2947.142822265625,3904.25927734375,0.10085680010535886,72.06236273569696,Near,1.2994473e-05,8.1147155e-05,0.7687334872376181,0.8161104466603714,-4.8862414
791,-0.039213788,0.6642716,2598.9169921875,4036.703125,0.45683115860061657,326.40656140816145,Far,0.0,0.0,0.0,0.0,-12.000001
792,-0.07627934,0.48126662,2572.43359375,3905.94580078125,0.48629628687994586,347.45943081353806,Far,0.0,0.0,0.0,0.0,-12.000001
793,-0.05096292,0.62889975,2590.522216796875,4011.429931640625,0.4750852437409558,339.4491260823301,Far,4.992629e-09,2.6089761e-09,0.04638153904117518,0.25804690480290915,-8.301584
794,0.35864368,-0.048535872,2883.186767578125,3527.401123046875,0.09197763058035639,65.71815558657651,Near,8.462818e-09,3.4566543e-09,0.09485355374845089,0.27322394667706096,-8.072434
796,0.5278121,0.17155515,3004.057861328125,3684.656494140625,0.09671582698354367,69.10359881016996,Near,2.1688335e-05,0.0007079555,0.8157846311155377,0.9329614599554651,-4.663774
797,0.43977782,0.3521908,2941.1572265625,3813.720947265625,0.10788084305733864,77.08103573807321,Near,0.0,0.0,0.0,0.0,-12.000001
798,0.38431752,0.31160274,2901.53076171875,3784.720703125,0.10571307015016639,75.53214051980748,Near,5.5746012e-09,6.0121835e-08,0.05650895418851065,0.42729452346751334,-8.253709
799,-0.24712479,0.52627516,2450.3642578125,3938.1044921875,0.6235268055175663,445.51086395971294,Far,5.387778e-09,2.2516229e-08,0.05337792972152396,0.3743132333843738,-8.268511
801,0.18751737,0.115175016,2760.916748046875,3644.372802734375,0.05850330421660739,41.80069879313939,Near,5.4122347e-06,0.00069303205,0.6882839506460062,0.9318121634550096,-5.2666235
802,-0.33066615,-0.110375926,2390.673828125,3483.21630859375,0.49485040174834444,353.5713492661359,Far,4.5802304e-09,4.4818083e-08,0.038462687716428974,0.4114475891278664,-8.339019
804,0.46265215,0.17486753,2957.5009765625,3687.023193359375,0.07375572569052398,52.69857926419346,Near,4.963145e-06,0.0004109357,0.6803275156107081,0.9036184162113168,-5.304243
807,-0.37163112,0.07554334,2361.404296875,3616.055908203125,0.5390462431647004,385.1493682937519,Far,3.813223e-09,3.1347136e-09,0.021628585807080776,0.2679501109080557,-8.418594
810,0.38846946,0.5791987,2904.497314453125,3975.91845703125,0.12743036555531675,91.04920133627175,Near,5.640153e-09,3.854033e-09,0.057582736138596706,0.27909417921891644,-8.248632
812,0.026077375,0.06812141,2645.567626953125,3610.7529296875,0.1413384056368068,100.98650471570708,Near,0.0,1.7357696e-09,0.0,0.2360639741204344,-12.000001
813,-0.22123057,0.14953265,2468.86572265625,3668.92138671875,0.39854533838622425,284.76125460019506,Far,0.0,6.4450365e-09,0.0,0.3068321263385421,-12.000001
817,0.16606072,0.110125124,2745.5859375,3640.7646484375,0.04982512231940016,35.60012681555395,Near,2.2249098e-05,0.000625898,0.8181293268769847,0.9263157796107496,-4.6526875
818,-0.24999093,-0.0148274535,2448.31640625,3551.48583984375,0.42390364118324675,302.8797958417833,Far,0.0,0.0,0.0,0.0,-12.000001
819,-0.2972967,-0.69232804,2414.516357421875,3067.41064453125,0.0987063716968003,70.52586481513399,Near,4.9522466e-09,7.224846e-10,0.045635584058476765,0.18878070815167805,-8.305111
823,0.4420617,-0.05484217,2942.7890625,3522.895263671875,0.1058399945629586,75.62283454505997,Near,0.0,0.0,0.0,0.0,-12.000001
829,0.49360278,0.20908508,2979.615234375,3711.4716796875,0.04632509603424484,33.099351210804876,Near,1.7510085e-06,0.000604357,0.5846318935512171,0.9244265002216782,-5.756712
834,-0.42998523,0.33278704,2319.710205078125,3799.85693359375,0.656408553421675,469.0049139482306,Far,0.0,0.0,0.0,0.0,-12.000001
835,-0.28557423,0.41925502,2422.89208984375,3861.638427734375,0.5777921647810519,412.83337510590417,Far,0.0,0.0,0.0,0.0,-12.000001
838,-0.2556528,-0.60498154,2444.27099609375,3129.81982421875,0.08776951533565465,62.71145202579617,Near,0.0,0.0,0.0,0.0,-12.000001
840,0.3463055,0.28746277,2874.37109375,3767.47265625,0.11155766072683485,79.70811457927164,Near,0.0,0.0,0.0,0.0,-12.000001
842,0.254367,-0.07708472,2808.680908203125,3507.0029296875,0.13223047591048903,94.47887652859761,Near,0.0,9.960467e-09,0.0,0.33031508821447597,-12.000001
843,-0.21980913,0.35086092,2469.88134765625,3812.770751953125,0.48393603727924445,345.7730380890972,Far,0.0,0.0,0.0,0.0,-12.000001
844,-0.4923197,0.3068993,2275.172119140625,3781.360107421875,0.7041100295293299,503.08769481573273,Far,7.521162e-09,1.7077774e-08,0.0840185713185217,0.3593997018077843,-8.123658
845,-0.1083162,0.5082013,2549.543212890625,3925.190673828125,0.5258450718227314,375.7170979822742,Far,0.0,0.0,0.0,0.0,-12.000001
847,0.19987984,0.19675471,2769.749755859375,3702.66162109375,0.1403007816522468,100.24512674997726,Near,0.0,0.0,0.0,0.0,-12.000001
848,0.269858,0.009037455,2819.749267578125,3568.537353515625,0.11475131961641646,81.99000336680758,Near,0.0,0.0,0.0,0.0,-12.000001
852,0.29244876,0.04826662,2835.890380859375,3596.566650390625,0.1258268114703245,89.90344405809302,Near,6.0553598e-09,3.6257346e-09,0.06410721436712821,0.27580012750552785,-8.217789
856,0.4767016,0.5143354,2967.539306640625,3929.573486328125,0.06892128704047086,49.244390324315944,Near,3.424957e-05,0.00087132526,0.8577516863386657,0.9441622648434324,-4.465345
860,-0.5643863,-0.092246,2223.680419921875,3496.170166015625,0.5583952373079577,398.9742342872336,Far,0.0,1.5834196e-09,0.0,0.2311083730825841,-12.000001
861,-0.34599078,0.13023242,2379.724365234375,3655.13134765625,0.5179318663458767,370.063107148178,Far,4.62275e-09,6.5078143e-09,0.039311444562964024,0.30735503348336823,-8.335007
862,0.46232617,0.35166323,2957.26806640625,3813.343994140625,0.10353163807266938,73.97351070703637,Near,1.6761059e-06,0.0001877244,0.5806162439783245,0.8613546317689368,-5.7756987
863,0.3767425,-0.001697534,2896.118408203125,3560.8671875,0.138131478935241,98.69515236562474,Near,0.0,0.0,0.0,0.0,-12.000001
864,0.126155,-0.42682114,2717.0732421875,3257.11572265625,0.11651343474821807,83.24904004036107,Near,1.0018591e-08,6.3688863e-09,0.11035449568677008,0.3061909542541491,-7.9991508
868,0.3177973,0.21521813,2854.001953125,3715.853759765625,0.05932695403930906,42.38921491722145,Near,3.293394e-06,0.0012517024,0.6426571532822536,0.9637035164270645,-5.482356
870,0.06985892,0.11169521,2676.849609375,3641.886474609375,0.11006997290352798,78.64516300399947,Near,4.2283763e-09,1.1553891e-09,0.03112085672847869,0.21410765051711542,-8.373724
871,0.21524273,-0.03181407,2780.7265625,3539.348876953125,0.10390145724135003,74.23775181309311,Near,5.2636597e-09,2.0439097e-09,0.051237188254659526,0.24487930725469942,-8.27863
877,-0.3502387,-0.07675191,2376.689208984375,3507.24072265625,0.5283539508479467,377.50968975947893,Far,6.2181353e-09,1.5486855e-09,0.06654370240788579,0.22991185809342707,-8.20627
878,-0.3936844,0.3794303,2345.647216796875,3833.18359375,0.6453115845189616,461.0760980504193,Far,8.0331874e-09,8.756916e-09,0.09006799734790998,0.32336805187815393,-8.095058
879,-0.4196295,-0.13469802,2327.109375,3465.838134765625,0.47649734044987796,340.4580574352379,Far,0.0,0.0,0.0,0.0,-12.000001
882,-0.24506643,-0.64424527,2451.8349609375,3101.765869140625,0.10587353950714035,75.64680517331084,Near,4.884106e-09,5.7316814e-09,0.044362970092785184,0.3005043123976043,-8.311127
883,-0.32047686,-0.70217186,2397.9541015625,3060.377197265625,0.09978395916599818,71.29582115763874,Near,0.0,0.0,0.0,0.0,-12.000001
885,-0.4282214,0.119203925,2320.970458984375,3647.25146484375,0.5983265805870952,427.5052500132633,Far,3.7088344e-09,8.8964235e-08,0.019079040955937508,0.4484334536681286,-8.430646
887,0.5438027,0.23276956,3015.483154296875,3728.394287109375,0.07639046167851325,54.58110619022282,Near,2.3710592e-05,0.00016830144,0.8239729787479236,0.8554628591755123,-4.6250577
888,-0.29107413,-0.06730613,2418.96240234375,3513.98974609375,0.4757118412774922,339.8968273198968,Far,0.0,0.0,0.0,0.0,-12.000001
891,-0.13505681,-0.18960443,2530.43701171875,3426.607421875,0.3921962122925012,280.2247875690974,Far,0.0,0.0,0.0,0.0,-12.000001
894,-0.26445276,-0.63385504,2437.9833984375,3109.189697265625,0.0840549171633868,60.05736077756552,Near,5.8008087e-09,0.0,0.0601625040583081,0.0,-8.236437
895,0.58449155,0.32583633,3044.555419921875,3794.890625,0.13906356057116157,99.36112728244443,Near,6.045602e-09,5.2532214e-09,0.06395907938286063,0.2958020723975324,-8.21849
896,0.24740294,-0.05790648,2803.705078125,3520.705810546875,0.14285788278096562,102.0721762523872,Near,0.0,0.0,0.0,0.0,-12.000001
897,0.6120939,0.23385923,3064.27734375,3729.1728515625,0.14380810507020073,102.75110462098478,Near,5.1121667e-09,7.9156e-09,0.04855481819113098,0.3179191651147874,-8.291311
898,-0.4453833,0.38861263,2308.708251953125,3839.744384765625,0.6950099621319206,496.5856692096156,Far,8.376967e-09,7.3710873e-09,0.09391700134564446,0.3140744977709467,-8.076862
900,0.21692592,-0.052918095,2781.92919921875,3524.27001953125,0.12366875768357373,88.3615141416557,Near,0.0,0.0,0.0,0.0,-12.000001
902,0.24429524,-0.13328102,2801.484619140625,3466.8505859375,0.12669881488305385,90.52650072645551,Near,0.0,0.0,0.0,0.0,-12.000001
910,-0.14830393,0.5825719,2520.971923828125,3978.32861328125,0.5807945285485027,414.9785702706348,Far,4.3517545e-09,0.0,0.033762610219018135,0.0,-8.361237
911,-0.25186032,0.38549465,2446.980712890625,3837.5166015625,0.5304286722970581,378.9921046425582,Far,0.0,2.885715e-08,0.0,0.38769812548982524,-12.000001
913,0.45726946,-0.2547169,2953.655029296875,3380.08447265625,0.0969415937343413,69.26490647097974,Near,2.926037e-05,0.00010053598,0.8432905396612306,0.8276682245381668,-4.53372
914,0.41622692,-0.18358721,2924.330078125,3430.90673828125,0.05526843361268024,39.48937241192618,Near,2.7522707e-05,0.0012564326,0.8376671212577811,0.9639069902312964,-4.560309
917,0.36097303,-0.115822524,2884.85107421875,3479.32470703125,0.02583477726909422,18.458989712588547,Near,6.730474e-05,0.00094606006,0.9198028075478359,0.9486014307601698,-4.1719546
922,-0.38654777,0.42142922,2350.746337890625,3863.19189453125,0.6610910800353973,472.3505749509396,Far,5.9594902e-09,4.46381e-09,0.06264136505028003,0.28701774700818916,-8.224719
925,0.44278303,0.1604706,2943.304443359375,3676.736572265625,0.08117398557096801,57.998918642454015,Near,1.5717005e-05,0.00026246425,0.786205466649764,0.8794337286135191,-4.8036304
927,0.95232475,0.2794589,3307.372802734375,3761.75390625,0.4661615997895652,333.0731626999846,Far,0.0,0.0,0.0,0.0,-12.000001
932,-0.4766117,0.41710338,2286.3955078125,3860.10107421875,0.736065736433901,525.9200925891739,Far,4.652683e-09,0.0,0.03990428059877097,0.0,-8.332204
933,-0.19613557,-0.20132828,2486.796142578125,3418.230712890625,0.42976063129442316,307.0646090992177,Far,1.0824442e-08,3.4924597e-09,0.11746054052754716,0.27377985477758426,-7.965555
934,0.3053381,-0.5804316,2845.099853515625,3147.36083984375,0.14212569439147363,101.54901613753628,Near,1.4780381e-05,0.00030690382,0.780561855108912,0.8878717677091664,-4.8303146
