ablation_fraction,seed,spearman_log2fc,direction_agreement_all_real_deg,all_deg_recall,cell_composition_accuracy
0.2,2026,0.7112857826121696,0.983635300993571,0.961718293395675,0.8690155031650049
0.2,2027,0.71083235064114,0.983635300993571,0.962302746931619,0.8760560215463733
0.2,2028,0.7110083398132006,0.983635300993571,0.9593804792518996,0.8801541999611608
0.2,2029,0.7111269416176974,0.983635300993571,0.9661016949152542,0.8667078411643182
0.2,2030,0.7112931307789364,0.983635300993571,0.9579193454120396,0.8670266526011992
0.2,2031,0.7111990049550114,0.983635300993571,0.9637638807714788,0.8700077576221295
0.2,2032,0.7109860525102522,0.983635300993571,0.962302746931619,0.8795572692815528
0.2,2033,0.7111111609617191,0.983635300993571,0.9640561075394506,0.8739803402525257
0.2,2034,0.7108173800404586,0.983635300993571,0.967855055523086,0.8770525524758205
0.2,2035,0.7110533159812201,0.983635300993571,0.9631794272355348,0.8543718937689481
0.4,2026,0.7110277200904895,0.983635300993571,0.9611338398597312,0.8746091487403744
0.4,2027,0.7111070795342462,0.983635300993571,0.9599649327878432,0.8707821278560931
0.4,2028,0.7112174183981719,0.983635300993571,0.957334891876096,0.8815964343009489
0.4,2029,0.711293427127095,0.983635300993571,0.9602571595558154,0.8696567688467034
0.4,2030,0.7111914767591243,0.983635300993571,0.9576271186440678,0.865364476822265
0.4,2031,0.7108571035146147,0.983635300993571,0.966393921683226,0.8756252372553571
0.4,2032,0.7110428629939298,0.983635300993571,0.9643483343074224,0.8755782877209615
0.4,2033,0.7107372921159083,0.983635300993571,0.9625949736995908,0.8768515001442639
0.4,2034,0.7109801095025559,0.983635300993571,0.9625949736995908,0.8771867318956195
0.4,2035,0.7108906036440138,0.983635300993571,0.9628872004675628,0.863622881574332
0.6,2026,0.7110615365136705,0.983635300993571,0.9634716540035068,0.886613374227746
0.6,2027,0.7108788994688996,0.983635300993571,0.961718293395675,0.878649258710465
0.6,2028,0.7109005375762516,0.983635300993571,0.9605493863237872,0.860599677020339
0.6,2029,0.7113026093994649,0.983635300993571,0.9605493863237872,0.8795478193806212
0.6,2030,0.7111917415988734,0.983635300993571,0.9611338398597312,0.8719220569613215
0.6,2031,0.7109410241900761,0.983635300993571,0.9637638807714788,0.8656862404012609
0.6,2032,0.7106815690684216,0.983635300993571,0.966393921683226,0.8882688758832477
0.6,2033,0.710720468518575,0.983635300993571,0.9652250146113384,0.8725798309388836
0.6,2034,0.71087510519694,0.983635300993571,0.9649327878433664,0.8791581293416616
0.6,2035,0.7107753699578024,0.9839275277615428,0.9687317358270018,0.8725913442482692
0.8,2026,0.7109609278390099,0.983635300993571,0.962302746931619,0.8847653723797442
0.8,2027,0.7109447997459853,0.983635300993571,0.9614260666277032,0.8728383998519345
0.8,2028,0.7106934118123652,0.983635300993571,0.9611338398597312,0.8737986961473506
0.8,2029,0.7110952536008891,0.983635300993571,0.961718293395675,0.8730399620012215
0.8,2030,0.7112803646822266,0.983635300993571,0.9585037989479837,0.8957828405235094
0.8,2031,0.7109475867000847,0.983635300993571,0.9684395090590298,0.880160254253738
0.8,2032,0.7108945913404138,0.983635300993571,0.9628872004675628,0.8824354629545836
0.8,2033,0.7108521404266513,0.983635300993571,0.9640561075394506,0.8803182191180546
0.8,2034,0.7107697618156626,0.983635300993571,0.962302746931619,0.8847093830555407
0.8,2035,0.7109137512853182,0.983635300993571,0.9661016949152542,0.8805049632883339
