pair_name,future_fate,frame_idx,n,q1,med,q3,whislo,whishi,mean
Cdh2|Cdh2,Atrial cardiomyocytes,0,192,0.0003584319929359481,0.0008678383601363748,0.002418713120277971,0.0,0.00535340653732419,0.002338620601221919
Cdh2|Cdh2,Atrial cardiomyocytes,1,202,0.00037995685124769807,0.0009041744924616069,0.002488712954800576,0.0,0.005475576501339674,0.002331211231648922
Cdh2|Cdh2,Atrial cardiomyocytes,2,228,0.00033333941973978654,0.0009087748476304114,0.002696705691050738,0.0,0.006214441731572151,0.0024617183953523636
Cdh2|Cdh2,Atrial cardiomyocytes,3,287,0.0004240264097461477,0.0010328921489417553,0.002605515532195568,0.0,0.00575014716014266,0.00262832292355597
Cdh2|Cdh2,Atrial cardiomyocytes,4,405,0.00042514875531196594,0.0011283840285614133,0.003042123280465603,0.0,0.006271000020205975,0.003034844296053052
Cdh2|Cdh2,Atrial cardiomyocytes,5,532,0.00047781279863556847,0.0012536841095425189,0.0035196024691686034,0.0,0.007991772145032883,0.0035888368729501963
Cdh2|Cdh2,Atrial cardiomyocytes,6,532,0.0005089493497507647,0.0015210008714348078,0.0046595948515459895,0.0,0.010023859329521656,0.0058282772079110146
Cdh2|Cdh2,Atrial cardiomyocytes,7,493,0.000673645525239408,0.002008964540436864,0.007865955121815205,0.0,0.018536433577537537,0.010131306014955044
Cdh2|Cdh2,Atrial cardiomyocytes,8,452,0.0007547733985120431,0.002903900109231472,0.012711698887869716,0.0,0.030460728332400322,0.014977960847318172
Cdh2|Cdh2,Atrial cardiomyocytes,9,394,0.0006814203807152808,0.004413854796439409,0.020148486830294132,0.0,0.04701684042811394,0.023228079080581665
Cdh2|Cdh2,Atrial cardiomyocytes,10,336,0.0008733189606573433,0.006083272164687514,0.026214797515422106,0.0,0.06409919261932373,0.031200800091028214
Cdh2|Cdh2,Atrial cardiomyocytes,11,275,0.001115360646508634,0.006286077667027712,0.027492232620716095,0.0,0.06630221009254456,0.030414026230573654
Cdh2|Cdh2,Atrial cardiomyocytes,12,232,0.0013716082903556526,0.009137059096246958,0.03316194098442793,0.0,0.07499712705612183,0.03368150070309639
Cdh2|Cdh2,Atrial cardiomyocytes,13,191,0.0013717985129915178,0.007290280424058437,0.03793656639754772,0.0,0.08685000985860825,0.03727583587169647
Cdh2|Cdh2,Atrial cardiomyocytes,14,159,0.0013799884472973645,0.009099547751247883,0.035146864131093025,0.0,0.08397486060857773,0.03779459372162819
Cdh2|Cdh2,Atrial cardiomyocytes,15,124,0.0015534225385636091,0.008254539221525192,0.03789037466049194,0.0,0.0853114202618599,0.03817583993077278
Cdh2|Cdh2,Atrial cardiomyocytes,16,91,0.001877602539025247,0.010746052488684654,0.03394381143152714,0.0,0.06847242265939713,0.028430363163352013
Cdh2|Cdh2,Atrial cardiomyocytes,17,58,0.0030675429152324796,0.00897780992090702,0.02759914705529809,0.0,0.058046355843544006,0.03367278724908829
Cdh2|Cdh2,Atrial cardiomyocytes,18,39,0.0034500600304454565,0.008867336437106133,0.022458909079432487,0.0,0.049325939267873764,0.028091024607419968
Cdh2|Cdh2,Atrial cardiomyocytes,19,28,0.0018001424032263458,0.005624466110020876,0.022706272080540657,0.0,0.03281049802899361,0.02191423438489437
Cdh2|Cdh2,Atrial cardiomyocytes,20,17,0.0019707712344825268,0.003629126353189349,0.015461872331798077,0.0,0.023049624636769295,0.023025400936603546
Cdh2|Cdh2,Ventricular cardiomyocytes,0,196,0.00043352748616598547,0.0012285489938221872,0.0038648895570077,0.0,0.008411921560764313,0.003384255338460207
Cdh2|Cdh2,Ventricular cardiomyocytes,1,210,0.0004236677923472598,0.001087472657673061,0.0036113691166974604,0.0,0.008275766856968403,0.0031600389629602432
Cdh2|Cdh2,Ventricular cardiomyocytes,2,244,0.00043517546146176755,0.0010953049641102552,0.0036847516894340515,0.0,0.008058691397309303,0.003327868180349469
Cdh2|Cdh2,Ventricular cardiomyocytes,3,318,0.0004747806451632641,0.0012981526087969542,0.004178407252766192,0.0,0.009338952600955963,0.003542511723935604
Cdh2|Cdh2,Ventricular cardiomyocytes,4,442,0.0005811129376525059,0.0016787642962299287,0.004305375507101417,0.0,0.009852604940533638,0.00388339813798666
Cdh2|Cdh2,Ventricular cardiomyocytes,5,600,0.0006975669966777787,0.0021000474225729704,0.006016338127665222,0.0,0.013962900266051292,0.004977726843208075
Cdh2|Cdh2,Ventricular cardiomyocytes,6,600,0.0010217491071671247,0.0036337461788207293,0.011184109840542078,0.0,0.025355027988553047,0.014993359334766865
Cdh2|Cdh2,Ventricular cardiomyocytes,7,562,0.0014842106611467898,0.0065314623061567545,0.023528925608843565,0.0,0.05511879175901413,0.04093656316399574
Cdh2|Cdh2,Ventricular cardiomyocytes,8,516,0.0026182119618169963,0.012935203965753317,0.08679594285786152,0.0,0.21006639301776886,0.09800690412521362
Cdh2|Cdh2,Ventricular cardiomyocytes,9,448,0.004701722762547433,0.03303074091672897,0.2592030093073845,7.392933184746653e-05,0.6382734179496765,0.1767745018005371
Cdh2|Cdh2,Ventricular cardiomyocytes,10,380,0.007344419718720019,0.08180375769734383,0.412183053791523,8.821586379781365e-05,1.0,0.23886869847774506
Cdh2|Cdh2,Ventricular cardiomyocytes,11,318,0.005892761750146747,0.1516202986240387,0.5186201333999634,0.0,1.0,0.283056378364563
Cdh2|Cdh2,Ventricular cardiomyocytes,12,262,0.007822599727660418,0.21218448132276535,0.5994090586900711,3.3895554224727675e-05,1.0,0.3255450427532196
Cdh2|Cdh2,Ventricular cardiomyocytes,13,218,0.012545046396553516,0.24530520290136337,0.6465671211481094,9.938867151504382e-06,1.0,0.33780547976493835
Cdh2|Cdh2,Ventricular cardiomyocytes,14,174,0.010180365527048707,0.2735290825366974,0.6951373666524887,0.0,1.0,0.36480823159217834
Cdh2|Cdh2,Ventricular cardiomyocytes,15,144,0.015261001884937286,0.3597477525472641,0.6947682797908783,0.0,1.0,0.3880504071712494
Cdh2|Cdh2,Ventricular cardiomyocytes,16,120,0.027026562951505184,0.39294156432151794,0.7840304225683212,0.0,1.0,0.4241325259208679
Cdh2|Cdh2,Ventricular cardiomyocytes,17,87,0.052275652065873146,0.43302416801452637,0.8237141668796539,0.0,1.0,0.4510701596736908
Cdh2|Cdh2,Ventricular cardiomyocytes,18,65,0.09959318488836288,0.4671613276004791,0.8040782809257507,0.0,1.0,0.4660887122154236
Cdh2|Cdh2,Ventricular cardiomyocytes,19,57,0.04728094860911369,0.5357841849327087,0.7797455787658691,0.0,1.0,0.47515591979026794
Cdh2|Cdh2,Ventricular cardiomyocytes,20,37,0.04817027226090431,0.5212889909744263,0.7800073027610779,0.0,1.0,0.4579181671142578
Hspg2|Dag1,Atrial cardiomyocytes,0,192,0.015742353396490216,0.039094455540180206,0.08415796980261803,0.0,0.17470376193523407,0.06337065249681473
Hspg2|Dag1,Atrial cardiomyocytes,1,202,0.016547171864658594,0.036179183050990105,0.07860307581722736,0.0,0.15523968636989594,0.06161678954958916
Hspg2|Dag1,Atrial cardiomyocytes,2,228,0.012702350271865726,0.034020889550447464,0.07207074202597141,0.0,0.159750297665596,0.05736394226551056
Hspg2|Dag1,Atrial cardiomyocytes,3,287,0.012261893600225449,0.0323113389313221,0.07191776111721992,0.0,0.15892727673053741,0.0554073229432106
Hspg2|Dag1,Atrial cardiomyocytes,4,405,0.01267057005316019,0.031736500561237335,0.06627707928419113,0.0,0.14662107825279236,0.051496297121047974
Hspg2|Dag1,Atrial cardiomyocytes,5,532,0.011620648438110948,0.030125356279313564,0.0632360577583313,0.0,0.13859644532203674,0.05222440883517265
Hspg2|Dag1,Atrial cardiomyocytes,6,532,0.008582022739574313,0.027132108807563782,0.058969585224986076,0.0,0.13291803002357483,0.046310462057590485
Hspg2|Dag1,Atrial cardiomyocytes,7,493,0.0073033529333770275,0.022970085963606834,0.054842524230480194,0.0,0.12402515858411789,0.041901733726263046
Hspg2|Dag1,Atrial cardiomyocytes,8,452,0.005902400589548051,0.018941265530884266,0.04796415567398071,0.0,0.11013831198215485,0.03864290565252304
Hspg2|Dag1,Atrial cardiomyocytes,9,394,0.006634233286604285,0.017126860097050667,0.04446300584822893,0.0,0.10088731348514557,0.03623552247881889
Hspg2|Dag1,Atrial cardiomyocytes,10,336,0.006128606968559325,0.016703822650015354,0.03897186554968357,0.0,0.08297494798898697,0.0340048186480999
Hspg2|Dag1,Atrial cardiomyocytes,11,275,0.006237333174794912,0.016641655936837196,0.0354884285479784,0.0,0.07746605575084686,0.032336968928575516
Hspg2|Dag1,Atrial cardiomyocytes,12,232,0.007856326061300933,0.017194373533129692,0.03911157604306936,0.0,0.08380784094333649,0.03283170238137245
Hspg2|Dag1,Atrial cardiomyocytes,13,191,0.006446007639169693,0.01702098175883293,0.035969946533441544,0.0,0.07314189523458481,0.03754062205553055
Hspg2|Dag1,Atrial cardiomyocytes,14,159,0.0063354079611599445,0.018036147579550743,0.041229717433452606,0.0,0.09025254100561142,0.03954616189002991
Hspg2|Dag1,Atrial cardiomyocytes,15,124,0.006535935681313276,0.01810438744723797,0.04073053319007158,0.0,0.08158562332391739,0.04351922869682312
Hspg2|Dag1,Atrial cardiomyocytes,16,91,0.008456062525510788,0.019517580047249794,0.03670492209494114,0.0,0.06413283944129944,0.04281602427363396
Hspg2|Dag1,Atrial cardiomyocytes,17,58,0.010558834997937083,0.023150057531893253,0.0384675357490778,0.0,0.06305898725986481,0.043522533029317856
Hspg2|Dag1,Atrial cardiomyocytes,18,39,0.007511880714446306,0.02084456756711006,0.03601481206715107,0.0,0.07300220429897308,0.024784410372376442
Hspg2|Dag1,Atrial cardiomyocytes,19,28,0.004231214348692447,0.012452304363250732,0.026636802591383457,0.0,0.042489517480134964,0.01904257759451866
Hspg2|Dag1,Atrial cardiomyocytes,20,17,0.004432712681591511,0.009894462302327156,0.02532838098704815,0.0,0.051164351403713226,0.015132256783545017
Hspg2|Dag1,Ventricular cardiomyocytes,0,196,0.017984454985708,0.03789530694484711,0.0908737275749445,0.0,0.19592146575450897,0.06444577127695084
Hspg2|Dag1,Ventricular cardiomyocytes,1,210,0.01871275994926691,0.037919871509075165,0.08818651363253593,0.0,0.18553581833839417,0.06644580513238907
Hspg2|Dag1,Ventricular cardiomyocytes,2,244,0.016521974001079798,0.03469698689877987,0.08473465405404568,0.0,0.18601852655410767,0.0638517439365387
Hspg2|Dag1,Ventricular cardiomyocytes,3,318,0.013759528985247016,0.036201534792780876,0.07608795911073685,0.0,0.1687743216753006,0.06260967999696732
Hspg2|Dag1,Ventricular cardiomyocytes,4,442,0.012872257037088275,0.03159647062420845,0.0707455463707447,0.0,0.1562003791332245,0.05771354213356972
Hspg2|Dag1,Ventricular cardiomyocytes,5,600,0.0116357640363276,0.029065577313303947,0.06787622533738613,0.0,0.15146301686763763,0.05592880770564079
Hspg2|Dag1,Ventricular cardiomyocytes,6,600,0.012516736052930355,0.031230867840349674,0.07945428043603897,0.0,0.17707449197769165,0.06368152052164078
Hspg2|Dag1,Ventricular cardiomyocytes,7,562,0.014749097870662808,0.036288460716605186,0.0994159635156393,0.0,0.22499115765094757,0.07860089093446732
Hspg2|Dag1,Ventricular cardiomyocytes,8,516,0.015791520476341248,0.044605500996112823,0.12281682156026363,0.0,0.2811927795410156,0.1011495366692543
Hspg2|Dag1,Ventricular cardiomyocytes,9,448,0.01677377801388502,0.048486124724149704,0.14385312423110008,0.0,0.3316447138786316,0.13302907347679138
Hspg2|Dag1,Ventricular cardiomyocytes,10,380,0.01965007744729519,0.052188439294695854,0.22157763317227364,0.0,0.49073702096939087,0.16039375960826874
Hspg2|Dag1,Ventricular cardiomyocytes,11,318,0.024063595570623875,0.06027006171643734,0.2329285703599453,0.0,0.5263031721115112,0.1835058629512787
Hspg2|Dag1,Ventricular cardiomyocytes,12,262,0.025451958645135164,0.07377336546778679,0.28432512283325195,0.0,0.651041567325592,0.21288268268108368
Hspg2|Dag1,Ventricular cardiomyocytes,13,218,0.030354621820151806,0.08772353082895279,0.3714892119169235,0.0,0.8681277632713318,0.2415952980518341
Hspg2|Dag1,Ventricular cardiomyocytes,14,174,0.029988336842507124,0.10149894282221794,0.401934377849102,0.0,0.9548404812812805,0.2565101981163025
Hspg2|Dag1,Ventricular cardiomyocytes,15,144,0.03213373338803649,0.11476506665349007,0.4064689129590988,0.0,0.9072474837303162,0.26404425501823425
Hspg2|Dag1,Ventricular cardiomyocytes,16,120,0.035887240432202816,0.16726421564817429,0.48183657228946686,0.0,1.0,0.3031260371208191
Hspg2|Dag1,Ventricular cardiomyocytes,17,87,0.041770538315176964,0.2095077931880951,0.6723073422908783,0.0,1.0,0.35885411500930786
Hspg2|Dag1,Ventricular cardiomyocytes,18,65,0.044575177133083344,0.18604519963264465,0.7099736928939819,0.0,1.0,0.3773658871650696
Hspg2|Dag1,Ventricular cardiomyocytes,19,57,0.04597988724708557,0.26683977246284485,0.7964841723442078,0.0,1.0,0.4190930724143982
Hspg2|Dag1,Ventricular cardiomyocytes,20,37,0.05967456102371216,0.2991361916065216,0.9079450368881226,0.0,1.0,0.4211641550064087
Negr1|Negr1,Atrial cardiomyocytes,0,192,0.09388179332017899,0.17236146330833435,0.2512717843055725,0.005899630021303892,0.4535132646560669,0.1891814023256302
Negr1|Negr1,Atrial cardiomyocytes,1,202,0.10145449079573154,0.17380836606025696,0.2437283918261528,0.0,0.44557613134384155,0.19289951026439667
Negr1|Negr1,Atrial cardiomyocytes,2,228,0.09813937544822693,0.18055496364831924,0.2598040997982025,0.0,0.4943995475769043,0.20021946728229523
Negr1|Negr1,Atrial cardiomyocytes,3,287,0.11050986871123314,0.18514589965343475,0.29315319657325745,0.0,0.5479646325111389,0.21224859356880188
Negr1|Negr1,Atrial cardiomyocytes,4,405,0.10562857985496521,0.18884947896003723,0.2876904010772705,0.0,0.5371059775352478,0.2166789472103119
Negr1|Negr1,Atrial cardiomyocytes,5,532,0.11557698808610439,0.19469060003757477,0.2888108193874359,0.007322133518755436,0.5399167537689209,0.22207774221897125
Negr1|Negr1,Atrial cardiomyocytes,6,532,0.1098020188510418,0.200147345662117,0.3080395609140396,0.00992702879011631,0.6049994826316833,0.23658178746700287
Negr1|Negr1,Atrial cardiomyocytes,7,493,0.10534985363483429,0.18439851701259613,0.31042608618736267,0.006767637096345425,0.6015894412994385,0.23689842224121094
Negr1|Negr1,Atrial cardiomyocytes,8,452,0.09331115707755089,0.18896710127592087,0.32958048582077026,0.0,0.6832525730133057,0.2480572760105133
Negr1|Negr1,Atrial cardiomyocytes,9,394,0.0926912184804678,0.19020149111747742,0.34038564562797546,0.0,0.7107288837432861,0.25329601764678955
Negr1|Negr1,Atrial cardiomyocytes,10,336,0.08503283932805061,0.187149316072464,0.3665520250797272,0.0,0.7553581595420837,0.26158544421195984
Negr1|Negr1,Atrial cardiomyocytes,11,275,0.0934092104434967,0.20068307220935822,0.3723655045032501,0.0040820869617164135,0.7841473817825317,0.2756679356098175
Negr1|Negr1,Atrial cardiomyocytes,12,232,0.09260723181068897,0.20155588537454605,0.3970687985420227,0.007508706767112017,0.851840078830719,0.29500335454940796
Negr1|Negr1,Atrial cardiomyocytes,13,191,0.09006417915225029,0.21863877773284912,0.43407127261161804,0.0,0.9124441742897034,0.30367618799209595
Negr1|Negr1,Atrial cardiomyocytes,14,159,0.10506505146622658,0.24004815518856049,0.48427043855190277,0.0006093506817705929,1.0,0.3273729383945465
Negr1|Negr1,Atrial cardiomyocytes,15,124,0.12188024818897247,0.24584631621837616,0.49589286744594574,0.0023580051492899656,1.0,0.34034860134124756
Negr1|Negr1,Atrial cardiomyocytes,16,91,0.1388729214668274,0.2790752947330475,0.6025444269180298,0.0,1.0,0.3740800619125366
Negr1|Negr1,Atrial cardiomyocytes,17,58,0.15560170263051987,0.29843324422836304,0.506855309009552,0.0,1.0,0.35867026448249817
Negr1|Negr1,Atrial cardiomyocytes,18,39,0.1255081333220005,0.28574398159980774,0.481344074010849,0.0,1.0,0.35821956396102905
Negr1|Negr1,Atrial cardiomyocytes,19,28,0.12187860161066055,0.3067735731601715,0.519640639424324,0.0,1.0,0.3600831627845764
Negr1|Negr1,Atrial cardiomyocytes,20,17,0.08029049634933472,0.16935768723487854,0.4549241364002228,0.0,1.0,0.3457532525062561
Negr1|Negr1,Ventricular cardiomyocytes,0,196,0.09337144903838634,0.14864522218704224,0.25888509303331375,0.0040720985271036625,0.4697093963623047,0.18584391474723816
Negr1|Negr1,Ventricular cardiomyocytes,1,210,0.08721258863806725,0.14811193197965622,0.2628658711910248,0.0,0.5198341608047485,0.18599933385849
Negr1|Negr1,Ventricular cardiomyocytes,2,244,0.09312574937939644,0.16355178505182266,0.24874956160783768,0.008553843013942242,0.4820438027381897,0.19494307041168213
Negr1|Negr1,Ventricular cardiomyocytes,3,318,0.09925469197332859,0.1715172454714775,0.2665760964155197,0.0,0.5102354884147644,0.20466235280036926
Negr1|Negr1,Ventricular cardiomyocytes,4,442,0.11044649966061115,0.18186331540346146,0.2838092967867851,0.009092520922422409,0.5318729877471924,0.21423420310020447
Negr1|Negr1,Ventricular cardiomyocytes,5,600,0.12047927640378475,0.18775086849927902,0.2742074653506279,0.010524606332182884,0.5043407678604126,0.2152373194694519
Negr1|Negr1,Ventricular cardiomyocytes,6,600,0.119688855484128,0.19141418486833572,0.2924627289175987,0.014266631565988064,0.537800133228302,0.22536101937294006
Negr1|Negr1,Ventricular cardiomyocytes,7,562,0.10717761889100075,0.18585284799337387,0.2942536994814873,0.003068610792979598,0.5527925491333008,0.22354188561439514
Negr1|Negr1,Ventricular cardiomyocytes,8,516,0.08794706873595715,0.1615217849612236,0.2699268162250519,0.0,0.5427718162536621,0.20782530307769775
Negr1|Negr1,Ventricular cardiomyocytes,9,448,0.06324021890759468,0.12468388304114342,0.24134497344493866,0.0,0.5024793148040771,0.18843388557434082
Negr1|Negr1,Ventricular cardiomyocytes,10,380,0.04780503921210766,0.10659479722380638,0.23823728039860725,0.0,0.5192008018493652,0.17736418545246124
Negr1|Negr1,Ventricular cardiomyocytes,11,318,0.036398216150701046,0.0944163016974926,0.24063342064619064,0.0,0.5288494229316711,0.17275555431842804
Negr1|Negr1,Ventricular cardiomyocytes,12,262,0.031352123245596886,0.0842277780175209,0.23481225967407227,0.0,0.5315610766410828,0.1645827293395996
Negr1|Negr1,Ventricular cardiomyocytes,13,218,0.024197134654968977,0.07118625193834305,0.23476871848106384,0.0,0.5051318407058716,0.16012775897979736
Negr1|Negr1,Ventricular cardiomyocytes,14,174,0.01878614816814661,0.07531103119254112,0.2234070561826229,0.0,0.4878852963447571,0.1560877412557602
Negr1|Negr1,Ventricular cardiomyocytes,15,144,0.020083030220121145,0.06251250207424164,0.20534072071313858,0.0,0.4593372941017151,0.14739321172237396
Negr1|Negr1,Ventricular cardiomyocytes,16,120,0.013932738918811083,0.049535393714904785,0.19408740103244781,0.0,0.44224268198013306,0.1327051967382431
Negr1|Negr1,Ventricular cardiomyocytes,17,87,0.015366625972092152,0.04106396809220314,0.16923051327466965,0.0,0.3838946521282196,0.1162358745932579
Negr1|Negr1,Ventricular cardiomyocytes,18,65,0.011025689542293549,0.03949213773012161,0.19756272435188293,0.0,0.41942310333251953,0.12620161473751068
Negr1|Negr1,Ventricular cardiomyocytes,19,57,0.005292060784995556,0.037055980414152145,0.20255474746227264,0.0,0.44191500544548035,0.13631956279277802
Negr1|Negr1,Ventricular cardiomyocytes,20,37,0.005957574583590031,0.03922395035624504,0.18219797313213348,0.0,0.42417144775390625,0.14345307648181915
Wnt11|Fzd1,Atrial cardiomyocytes,0,192,0.021467458922415972,0.05820441618561745,0.16707536205649376,0.0016844926867634058,0.35124024748802185,0.1299494355916977
Wnt11|Fzd1,Atrial cardiomyocytes,1,202,0.02112100087106228,0.061906298622488976,0.1633320227265358,0.0,0.37398096919059753,0.1300414502620697
Wnt11|Fzd1,Atrial cardiomyocytes,2,228,0.020729150157421827,0.05111679434776306,0.13682551309466362,0.0,0.2818770706653595,0.1162937805056572
Wnt11|Fzd1,Atrial cardiomyocytes,3,287,0.019859900698065758,0.04707488417625427,0.1309036687016487,0.0,0.29132330417633057,0.10666007548570633
Wnt11|Fzd1,Atrial cardiomyocytes,4,405,0.018845640122890472,0.04391279071569443,0.11369664967060089,0.0,0.2531096637248993,0.09277115762233734
Wnt11|Fzd1,Atrial cardiomyocytes,5,532,0.019601489417254925,0.04221574775874615,0.10417873039841652,0.0014245898928493261,0.23082488775253296,0.08464483171701431
Wnt11|Fzd1,Atrial cardiomyocytes,6,532,0.0198383298702538,0.04344603233039379,0.1076474841684103,0.0,0.2312275469303131,0.08628641813993454
Wnt11|Fzd1,Atrial cardiomyocytes,7,493,0.01953120529651642,0.043573252856731415,0.1019715890288353,0.0,0.21934781968593597,0.09462999552488327
Wnt11|Fzd1,Atrial cardiomyocytes,8,452,0.01709726359695196,0.0358895193785429,0.10366752184927464,0.0002642418257892132,0.22289909422397614,0.09650762379169464
Wnt11|Fzd1,Atrial cardiomyocytes,9,394,0.015183116775006056,0.03708207607269287,0.10844428092241287,0.00013914010196458548,0.23937490582466125,0.10179170966148376
Wnt11|Fzd1,Atrial cardiomyocytes,10,336,0.014041636139154434,0.03146153315901756,0.10269436240196228,0.0,0.22594937682151794,0.11042200028896332
Wnt11|Fzd1,Atrial cardiomyocytes,11,275,0.014030780177563429,0.037736132740974426,0.115218386054039,0.000362675404176116,0.2606187164783478,0.11670876294374466
Wnt11|Fzd1,Atrial cardiomyocytes,12,232,0.013880089623853564,0.034037429839372635,0.13067452982068062,0.00035291642416268587,0.29551589488983154,0.1285911351442337
Wnt11|Fzd1,Atrial cardiomyocytes,13,191,0.011599462945014238,0.033320970833301544,0.13902079313993454,0.0,0.2975735068321228,0.11994050443172455
Wnt11|Fzd1,Atrial cardiomyocytes,14,159,0.01239362871274352,0.03983590006828308,0.15237430483102798,0.0,0.35022658109664917,0.12795910239219666
Wnt11|Fzd1,Atrial cardiomyocytes,15,124,0.016360408393666148,0.04320911318063736,0.1602758690714836,0.0,0.36085203289985657,0.1430334448814392
Wnt11|Fzd1,Atrial cardiomyocytes,16,91,0.0201443899422884,0.05062228813767433,0.20450981706380844,0.0,0.4330650269985199,0.16827382147312164
Wnt11|Fzd1,Atrial cardiomyocytes,17,58,0.015220914967358112,0.05280860885977745,0.22120890766382217,0.0,0.487090140581131,0.17029176652431488
Wnt11|Fzd1,Atrial cardiomyocytes,18,39,0.01331915333867073,0.04409774765372276,0.2199251428246498,0.0,0.49685853719711304,0.16624031960964203
Wnt11|Fzd1,Atrial cardiomyocytes,19,28,0.009158234344795346,0.03216824773699045,0.19220874086022377,0.0,0.4466031789779663,0.17706124484539032
Wnt11|Fzd1,Atrial cardiomyocytes,20,17,0.010594449937343597,0.02634086273610592,0.390089213848114,0.0,0.7628220319747925,0.1925370842218399
Wnt11|Fzd1,Ventricular cardiomyocytes,0,196,0.02385497046634555,0.07594573497772217,0.16887160390615463,0.0,0.3593843877315521,0.16744835674762726
Wnt11|Fzd1,Ventricular cardiomyocytes,1,210,0.022638902999460697,0.06518033891916275,0.16445201635360718,0.0,0.3418739140033722,0.16166535019874573
Wnt11|Fzd1,Ventricular cardiomyocytes,2,244,0.02297481009736657,0.06303446181118488,0.16329582035541534,0.00030911958310753107,0.35354799032211304,0.14845643937587738
Wnt11|Fzd1,Ventricular cardiomyocytes,3,318,0.023038016166538,0.0587159488350153,0.13846098631620407,0.0,0.29380980134010315,0.13551662862300873
Wnt11|Fzd1,Ventricular cardiomyocytes,4,442,0.02106364443898201,0.05481787584722042,0.13071173056960106,0.00029378256294876337,0.2944619357585907,0.12159934639930725
Wnt11|Fzd1,Ventricular cardiomyocytes,5,600,0.020751170348376036,0.05333567410707474,0.13005655258893967,0.0008847275748848915,0.28988030552864075,0.11718621850013733
Wnt11|Fzd1,Ventricular cardiomyocytes,6,600,0.019790928345173597,0.049600666388869286,0.11693159304559231,0.0008830251754261553,0.25304532051086426,0.11060531437397003
Wnt11|Fzd1,Ventricular cardiomyocytes,7,562,0.019106112886220217,0.042180873453617096,0.11215335689485073,0.000656847027130425,0.24884960055351257,0.09946855902671814
Wnt11|Fzd1,Ventricular cardiomyocytes,8,516,0.01705521810799837,0.0363759845495224,0.09231572225689888,0.0003544696664903313,0.20436203479766846,0.08679582178592682
Wnt11|Fzd1,Ventricular cardiomyocytes,9,448,0.012828638078644872,0.02969540376216173,0.07761218398809433,0.0,0.1747266799211502,0.0829894170165062
Wnt11|Fzd1,Ventricular cardiomyocytes,10,380,0.009564085863530636,0.024272813461720943,0.06584508344531059,0.0,0.1498122215270996,0.07386088371276855
Wnt11|Fzd1,Ventricular cardiomyocytes,11,318,0.008434828836470842,0.019128937274217606,0.05922108422964811,0.0,0.12706489861011505,0.06163183972239494
Wnt11|Fzd1,Ventricular cardiomyocytes,12,262,0.0070412104250863194,0.018989996053278446,0.049670323729515076,0.0,0.11232222616672516,0.05704604461789131
Wnt11|Fzd1,Ventricular cardiomyocytes,13,218,0.005103709292598069,0.015662885271012783,0.04374148603528738,0.0,0.0926007553935051,0.055366162210702896
Wnt11|Fzd1,Ventricular cardiomyocytes,14,174,0.00453582254704088,0.013576064258813858,0.03903799597173929,0.0,0.07473721355199814,0.04590045288205147
Wnt11|Fzd1,Ventricular cardiomyocytes,15,144,0.00390906201209873,0.011812279932200909,0.04027509596198797,0.0,0.09414157271385193,0.04231838881969452
Wnt11|Fzd1,Ventricular cardiomyocytes,16,120,0.0031358208507299423,0.008980568964034319,0.02805280312895775,0.0,0.06341317296028137,0.035388655960559845
Wnt11|Fzd1,Ventricular cardiomyocytes,17,87,0.0016799347358755767,0.006901714950799942,0.022588892839848995,0.0,0.0473150759935379,0.026284968480467796
Wnt11|Fzd1,Ventricular cardiomyocytes,18,65,0.00026005145628005266,0.005218482576310635,0.01922723650932312,0.0,0.04450424760580063,0.01753333956003189
Wnt11|Fzd1,Ventricular cardiomyocytes,19,57,0.00037105692899785936,0.004184163175523281,0.021741565316915512,0.0,0.04793991893529892,0.017781050875782967
Wnt11|Fzd1,Ventricular cardiomyocytes,20,37,0.0012435870012268424,0.006720248144119978,0.016532041132450104,0.0,0.03754042834043503,0.022789502516388893
