seed,plateau_t,knockdown_fraction,top_gene_count,target_type
2026,18,1.0,10,expression_matched_random
2027,18,1.0,10,expression_matched_random
2028,18,1.0,10,expression_matched_random
2029,19,1.0,10,expression_matched_random
2030,14,1.0,10,expression_matched_random
2031,13,1.0,10,expression_matched_random
2032,18,1.0,10,expression_matched_random
2033,17,1.0,10,expression_matched_random
2034,18,1.0,10,expression_matched_random
2035,18,1.0,10,expression_matched_random
2036,19,1.0,10,expression_matched_random
2037,17,1.0,10,expression_matched_random
2038,17,1.0,10,expression_matched_random
2039,14,1.0,10,expression_matched_random
2040,17,1.0,10,expression_matched_random
2041,19,1.0,10,expression_matched_random
2042,18,1.0,10,expression_matched_random
2043,13,1.0,10,expression_matched_random
2044,18,1.0,10,expression_matched_random
2045,20,1.0,10,expression_matched_random
2046,22,1.0,10,expression_matched_random
2047,15,1.0,10,expression_matched_random
2048,18,1.0,10,expression_matched_random
2049,18,1.0,10,expression_matched_random
2050,17,1.0,10,expression_matched_random
2051,19,1.0,10,expression_matched_random
2052,20,1.0,10,expression_matched_random
2053,13,1.0,10,expression_matched_random
2054,18,1.0,10,expression_matched_random
2055,17,1.0,10,expression_matched_random
2056,19,1.0,10,expression_matched_random
2057,19,1.0,10,expression_matched_random
2058,20,1.0,10,expression_matched_random
2059,17,1.0,10,expression_matched_random
2060,17,1.0,10,expression_matched_random
2061,17,1.0,10,expression_matched_random
2062,19,1.0,10,expression_matched_random
2063,15,1.0,10,expression_matched_random
2064,16,1.0,10,expression_matched_random
2065,17,1.0,10,expression_matched_random
2066,13,1.0,10,expression_matched_random
2067,16,1.0,10,expression_matched_random
2068,20,1.0,10,expression_matched_random
2069,17,1.0,10,expression_matched_random
2070,17,1.0,10,expression_matched_random
2071,15,1.0,10,expression_matched_random
2072,19,1.0,10,expression_matched_random
2073,16,1.0,10,expression_matched_random
2074,18,1.0,10,expression_matched_random
2075,13,1.0,10,expression_matched_random
2076,17,1.0,10,expression_matched_random
2077,18,1.0,10,expression_matched_random
2078,16,1.0,10,expression_matched_random
2079,15,1.0,10,expression_matched_random
2080,14,1.0,10,expression_matched_random
2081,20,1.0,10,expression_matched_random
2082,18,1.0,10,expression_matched_random
2083,18,1.0,10,expression_matched_random
2084,15,1.0,10,expression_matched_random
2085,19,1.0,10,expression_matched_random
2086,19,1.0,10,expression_matched_random
2087,19,1.0,10,expression_matched_random
2088,20,1.0,10,expression_matched_random
2089,15,1.0,10,expression_matched_random
2090,19,1.0,10,expression_matched_random
2091,18,1.0,10,expression_matched_random
2092,19,1.0,10,expression_matched_random
2093,18,1.0,10,expression_matched_random
2094,16,1.0,10,expression_matched_random
2095,14,1.0,10,expression_matched_random
2096,19,1.0,10,expression_matched_random
2097,18,1.0,10,expression_matched_random
2098,23,1.0,10,expression_matched_random
2099,21,1.0,10,expression_matched_random
2100,16,1.0,10,expression_matched_random
2101,20,1.0,10,expression_matched_random
2102,17,1.0,10,expression_matched_random
2103,16,1.0,10,expression_matched_random
2104,17,1.0,10,expression_matched_random
2105,15,1.0,10,expression_matched_random
2106,18,1.0,10,expression_matched_random
2107,18,1.0,10,expression_matched_random
2108,18,1.0,10,expression_matched_random
2109,17,1.0,10,expression_matched_random
2110,17,1.0,10,expression_matched_random
2111,18,1.0,10,expression_matched_random
2112,18,1.0,10,expression_matched_random
2113,19,1.0,10,expression_matched_random
2114,18,1.0,10,expression_matched_random
2115,17,1.0,10,expression_matched_random
2116,16,1.0,10,expression_matched_random
2117,18,1.0,10,expression_matched_random
2118,16,1.0,10,expression_matched_random
2119,18,1.0,10,expression_matched_random
2120,16,1.0,10,expression_matched_random
2121,21,1.0,10,expression_matched_random
2122,19,1.0,10,expression_matched_random
2123,17,1.0,10,expression_matched_random
2124,17,1.0,10,expression_matched_random
2125,20,1.0,10,expression_matched_random
