pair_name,frame_idx,n_group1,n_group2,mean_group1,mean_group2,log2fc_g1_vs_g2,abs_log2fc,auc_group1_gt_group2,pvalue,fdr,dominant_group_by_diff,slope_g1,slope_g2,delta_end_minus_start_g1,delta_end_minus_start_g2,slope_diff_g1_minus_g2,delta_diff_g1_minus_g2,table,ligand,receptor,dominant_mean,trend_side,neglog10_fdr,score_specific,score_up
Negr1|Negr1,17,87,58,0.0290885921567678,0.089699774980545,-1.6246508586125414,1.6246508586125414,0.1976813317475274,7.519315351679901e-10,2.085647127441941e-08,Atrial cardiomyocytes,-0.0009891557591882,0.0025810090220206,-0.0096724741160869,0.0364006571471691,-0.0035701647812089,-0.046073131263256,g2_specific_up,Negr1,Negr1,0.089699774980545,g2,7.680759168377539,12.478551977700718,0.04455048679127177
Wnt11|Fzd1,19,57,28,0.0045511024072766,0.0447714403271675,-3.298290491885417,3.298290491885417,0.2236842105249142,3.807149688628421e-05,0.000504633958728,Atrial cardiomyocytes,-0.0019372221602538,0.0009729866301278,-0.0376028274185955,0.0131591483950614,-0.0029102087903816,-0.050761975813657,g2_specific_up,Wnt11,Fzd1,0.0447714403271675,g2,3.297023527516533,10.874541352330299,0.03164718583491985
Pdgfc|Pdgfra,20,37,17,0.0038483585231006,0.0513869933784008,-3.739087780887632,3.739087780887632,0.1232114467388996,1.058954704348812e-05,0.0009749303278214,Atrial cardiomyocytes,-0.0022502993245597,0.0003738372864854,-0.0384006313979625,0.0173616930842399,-0.0026241366110451,-0.0557623244822025,g2_specific_up,Pdgfc,Pdgfra,0.0513869933784008,g2,3.0110264195054284,11.258492093102584,0.029543821286672267
Pomc|Oprl1,19,57,28,0.009103606455028,0.0468406341969966,-2.3632503845891826,2.3632503845891826,0.1610275689212968,4.328124759512482e-07,1.6254512985724656e-05,Atrial cardiomyocytes,-0.0022295991563564,0.0003372179997431,-0.0366942454129457,0.0129178389906883,-0.0025668171560996,-0.049612084403634,g2_specific_up,Pomc,Oprl1,0.0468406341969966,g2,4.789026038212206,11.317667626612604,0.029050383431022276
Lama2|Sv2a,18,65,39,0.0319416187703609,0.0950479805469513,-1.5732185157545189,1.5732185157545189,0.221301775147056,2.132813451278461e-06,3.067621049072851e-05,Atrial cardiomyocytes,-0.0023577652339424,0.0017183453521945,-0.0307352505624294,0.0197197869420051,-0.0040761105861369,-0.0504550375044345,g2_specific_up,Lama2,Sv2a,0.0950479805469513,g2,4.513198290896921,7.100247116510685,0.028941392435797204
Hbegf|Egfr,20,37,17,0.0077911098487675,0.0628359913825988,-3.0116902238280097,3.0116902238280097,0.1693163751960363,0.0001112479359583,0.0032697219438207,Atrial cardiomyocytes,-0.0009401084329062,0.0022532464162289,-0.0154895833693444,0.0431032460182905,-0.0031933548491351,-0.0585928293876349,g2_specific_up,Hbegf,Egfr,0.0628359913825988,g2,2.485489178042713,7.485523458941554,0.023903932635925558
Nrxn3|Nlgn1,16,120,91,0.0174061488360166,0.0531141906976699,-1.609500268933492,1.609500268933492,0.2646062271059847,4.880510953224032e-09,5.236865721237216e-08,Atrial cardiomyocytes,0.0003498232427549,0.00226736378602,0.0104807009920477,0.0423817532137036,-0.0019175405432651,-0.0319010522216558,g2_specific_up,Nrxn3,Nlgn1,0.0531141906976699,g2,7.280928561724513,11.718656478181147,0.02247099890950856
Gas6|Axl,17,87,58,0.028700927272439,0.0652146488428115,-1.1840986897488313,1.1840986897488313,0.2139318271894293,5.752035465119122e-09,1.0766047121936507e-07,Atrial cardiomyocytes,-4.4154012938598216e-05,0.0022452610605335,0.005426563322544,0.0436276514083147,-0.0022894150734721,-0.0382010880857706,g2_specific_up,Gas6,Axl,0.0652146488428115,g2,6.967943723651651,8.250733033419511,0.01888935257390481
Mif|Ackr3,20,37,17,0.0157082602381706,0.073912538588047,-2.2342956484733825,2.2342956484733825,0.1009538950699371,3.0783903931481565e-06,0.0009749303278214,Atrial cardiomyocytes,-0.001133001283682,0.001669671468727,-0.0202812887728214,0.0381323397159576,-0.002802672752409,-0.058413628488779,g2_specific_up,Mif,Ackr3,0.073912538588047,g2,3.0110264195054284,6.727523226539368,0.01885504603822057
Nrg2|Erbb3,19,57,28,0.0160651020705699,0.074066661298275,-2.2048940889150312,2.2048940889150312,0.2650375939833018,0.0004622113419742,0.0029476874261752,Atrial cardiomyocytes,-0.0021362016146833,0.0012178709948217,-0.0328032560646534,0.012849997729063,-0.003354072609505,-0.0456532537937164,g2_specific_up,Nrg2,Erbb3,0.074066661298275,g2,2.530518571113015,5.5795254393367975,0.018714133450115904
Penk|Oprl1,20,37,17,0.013985026627779,0.0957702249288559,-2.7756941013200844,2.7756941013200844,0.2074721780571149,0.0006316296863165,0.0101662301892853,Atrial cardiomyocytes,0.0004064908892206,0.0037226007395581,0.0100722913630306,0.0932868018280714,-0.0033161098503374,-0.0832145104650408,g2_specific_up,Penk,Oprl1,0.0957702249288559,g2,1.9928400609913122,5.531514402167942,0.01834310939631231
Wnt5b|Fzd1,19,57,28,0.0035779448226094,0.0289425309747457,-3.0159876911175205,3.0159876911175205,0.2449874686701442,0.0001441330475494,0.0013723090161045,Atrial cardiomyocytes,-0.0015014890490656,0.0004116301291755,-0.0242922850884497,0.0134593229740858,-0.0019131191782411,-0.0377516080625355,g2_specific_up,Wnt5b,Fzd1,0.0289425309747457,g2,2.8625480833247017,8.633409784539351,0.016516741832416595
Wnt5a|Fzd1,20,37,17,0.0094776125624775,0.0790686607360839,-3.0605102635091668,3.0605102635091668,0.2647058823487328,0.0060113454262752,0.0418935000841448,Atrial cardiomyocytes,-0.0010297415397045,0.0022989808279392,-0.0146259563043713,0.0601782482117414,-0.0033287223676437,-0.0748042045161128,g2_specific_up,Wnt5a,Fzd1,0.0790686607360839,g2,1.3778533540400733,4.216934331650174,0.014037003632648572
Egf|Egfr,20,37,17,0.0067510455846786,0.0384024642407894,-2.508015848322484,2.508015848322484,0.1597774244807666,6.996627430987661e-05,0.0024893263912356,Atrial cardiomyocytes,-0.0012311197387949,0.000909403675272,-0.0215328661724925,0.0140059646219015,-0.002140523414067,-0.035538830794394,g2_specific_up,Egf,Egfr,0.0384024642407894,g2,2.6039181565777083,6.53066800443156,0.013979047772983965
Ncam1|L1cam,17,87,58,0.0318363793194294,0.0959249883890152,-1.5912303842104238,1.5912303842104238,0.3522592152192781,0.0026405711213506,0.006397942932018,Atrial cardiomyocytes,0.0020005467704606,0.0059610155120782,0.0429716305807232,0.1206549755297601,-0.0039604687416176,-0.0776833449490368,g2_specific_up,Ncam1,L1cam,0.0959249883890152,g2,2.1939596380281245,3.491095237761655,0.013826373563165097
Cntn2|Cntn2,20,37,17,0.0506286956369876,0.1489071249961853,-1.5563855464571417,1.5563855464571417,0.194753577103422,0.0003615680209415,0.0069834280616136,Atrial cardiomyocytes,0.0024808030720655,0.0065206185382391,0.0331252422183752,0.1336389416828751,-0.0040398154661736,-0.1005136994644999,g2_specific_up,Cntn2,Cntn2,0.1489071249961853,g2,2.155931336292235,3.3554603709592663,0.01355544070273385
Lamc3|Sv2a,18,65,39,0.035275287926197,0.0762482285499572,-1.1120459397874416,1.1120459397874416,0.2449704142002171,1.4408206115487649e-05,0.0001521866770948,Atrial cardiomyocytes,-0.0017309534230402,0.0014462974309534,-0.013577539473772,0.0326605029404163,-0.0031772508539936,-0.0462380424141883,g2_specific_up,Lamc3,Sv2a,0.0762482285499572,g2,3.8176233654200393,4.2453725631530235,0.013488613601798944
Cdh4|Cdh4,19,57,28,0.0442053861916065,0.1031019240617752,-1.2217771673499351,1.2217771673499351,0.2644110275672656,0.0004462539980929,0.0028730257401034,Atrial cardiomyocytes,-0.0031258832373015,0.0011599774097467,-0.0477673895657062,0.0139761641621589,-0.0042858606470482,-0.0617435537278652,g2_specific_up,Cdh4,Cdh4,0.1031019240617752,g2,2.5416604830457157,3.105342745340862,0.01330906626785302
Efna5|Epha1,17,87,58,0.0182582177221775,0.0493921674787998,-1.4357362867836876,1.4357362867836876,0.2706103844624046,3.018708370158626e-06,2.3455711014106104e-05,Atrial cardiomyocytes,-0.0008479607642277,0.0010925489006104,-0.0047042928636074,0.0365351419895887,-0.0019405096648381,-0.0412394348531961,g2_specific_up,Efna5,Epha1,0.0493921674787998,g2,4.629751397727583,6.647102080504988,0.012898765830385371
Tgfa|Egfr,20,37,17,0.0128052216023206,0.0600671432912349,-2.229843744418398,2.229843744418398,0.2058823529379033,0.0005897601026781,0.0099669457352602,Atrial cardiomyocytes,-0.0001420960664845,0.0024144770807356,0.0006470261141657,0.0496408538892865,-0.0025565731472202,-0.0489938277751207,g2_specific_up,Tgfa,Egfr,0.0600671432912349,g2,2.0014379062360197,4.462893795062245,0.011409714435351785
Ntf5|Ntrk2,20,37,17,0.0080110291019082,0.045083500444889,-2.492539898618681,2.492539898618681,0.2201907790108077,0.0010805919819877,0.0146096035964737,Atrial cardiomyocytes,-0.0007766473082849,0.001451240225949,-0.0137430625036358,0.0243066903203725,-0.002227887534234,-0.0380497528240084,g2_specific_up,Ntf5,Ntrk2,0.045083500444889,g2,1.8353615676522614,4.574711935764591,0.010191943694401424
Col6a1|Sdc1,19,57,28,0.0153060862794518,0.0462616942822933,-1.595712603768137,1.595712603768137,0.2142857142843716,2.0521575427907345e-05,0.0003302996426015,Atrial cardiomyocytes,-0.001144908377054,0.0005909948452533,-0.0098982416093349,0.0233227778226137,-0.0017359032223073,-0.0332210194319486,g2_specific_up,Col6a1,Sdc1,0.0462616942822933,g2,3.481091896233746,5.554822213695313,0.009642633780097862
Lama2|Sv2c,19,57,28,0.0236217807978391,0.0706804916262626,-1.581194303422565,1.581194303422565,0.2537593984946506,0.000242494039404,0.0019514996504421,Atrial cardiomyocytes,-3.3168124591374806e-05,0.0021345671072795,0.0008456204086542,0.0322041492909193,-0.0021677352318709,-0.031358528882265,g2_specific_up,Lama2,Sv2c,0.0706804916262626,g2,2.7096315221747287,4.284453927236894,0.009287561727399057
Ptn|Ptprz1,20,37,17,0.0384812988340854,0.1175796836614608,-1.611409376956384,1.611409376956384,0.2344992050837122,0.0019284641285152,0.0203694023574421,Atrial cardiomyocytes,0.0018546212639949,0.0051941177971032,0.0329400189220905,0.1119816112332046,-0.0033394965331082,-0.079041592311114,g2_specific_up,Ptn,Ptprz1,0.1175796836614608,g2,1.6910217131045329,2.7249282451334924,0.009099888427591908
Nrxn1|Nlgn1,20,37,17,0.0239573493599891,0.0784220546483993,-1.7107911017189843,1.7107911017189843,0.2329093799645006,0.0018106087102089,0.0197414756145357,Atrial cardiomyocytes,0.000414482524691,0.0034956214211687,0.0103674037382006,0.0660970099270343,-0.0030811388964776,-0.0557296061888337,g2_specific_up,Nrxn1,Nlgn1,0.0784220546483993,g2,1.7046203882773827,2.9162493920737065,0.008985369433747451
Pdgfd|Pdgfrb,20,37,17,0.0102486750110983,0.0359425023198127,-1.8102533477423224,1.8102533477423224,0.1438791732886505,3.145771594482166e-05,0.0016358012291307,Atrial cardiomyocytes,-0.00070416166435,0.00104250804122,-0.0148128299042582,0.0136554818600416,-0.0017466697055701,-0.0284683117642998,g2_specific_up,Pdgfd,Pdgfrb,0.0359425023198127,g2,2.786269469818908,5.043853635451904,0.008809946344373456
Gas6|Mertk,17,87,58,0.0567005313932895,0.1183208525180816,-1.0612701779756784,1.0612701779756784,0.3552318668245041,0.0032169278381241,0.0076303270827084,Atrial cardiomyocytes,-0.0004650811918757,0.0032023842023177,-0.0005725063383579,0.0512586124241352,-0.0036674653941934,-0.0518311187624931,g2_specific_up,Gas6,Mertk,0.1183208525180816,g2,2.1174568451157922,2.2471938028718554,0.008241505506078396
Nrg1|Erbb3,18,65,39,0.0192380584776401,0.0553207211196422,-1.5238567052354226,1.5238567052354226,0.3195266272176744,0.0021512769228247,0.0066709321093098,Atrial cardiomyocytes,-0.0015014266208201,0.0006630978220468,-0.021392548456788,0.0035440139472484,-0.002164524442867,-0.0249365624040365,g2_specific_up,Nrg1,Erbb3,0.0553207211196422,g2,2.17581347917985,3.3156279595898277,0.007176757761985421
Nrxn2|Nlgn1,20,37,17,0.0173766165971755,0.0525569804012775,-1.59673513194565,1.59673513194565,0.2074721780571149,0.0006316296863165,0.0101662301892853,Atrial cardiomyocytes,-0.001134989434829,0.0011175837367773,-0.0148009862750768,0.0209896452724933,-0.0022525731716063,-0.0357906315475702,g2_specific_up,Nrxn2,Nlgn1,0.0525569804012775,g2,1.9928400609913122,3.18203773773354,0.007167772839057375
Ngf|Ngfr,14,174,159,0.0061172032728791,0.0143679492175579,-1.231909898351447,1.231909898351447,0.2997542109447337,2.742185496911377e-10,2.726054993988369e-09,Atrial cardiomyocytes,-8.168933163215577e-05,0.0005074338727425,0.0015929159708321,0.0087954332120716,-0.0005891232043746,-0.0072025172412395,g2_specific_up,Ngf,Ngfr,0.0143679492175579,g2,8.564465387186313,10.550649684563178,0.006215632550403722
Gal|Galr1,19,57,28,0.0036727127153426,0.0220304243266582,-2.584578999641083,2.584578999641083,0.2994987468652914,0.002812921468879,0.0109915312887991,Atrial cardiomyocytes,5.071682026972638e-05,0.0009193422508655,0.0022115539759397,0.0199777008965611,-0.0008686254305958,-0.0177661469206213,g2_specific_up,Gal,Galr1,0.0220304243266582,g2,1.958941799482875,5.0630398364625515,0.004397885158070973
Col6a3|Sdc4,19,57,28,0.0187708362936973,0.0441319905221462,-1.2333318479631452,1.2333318479631452,0.2631578947351932,0.0004158701016651,0.0028396786739962,Atrial cardiomyocytes,-0.0007113199414951,0.0006843469577369,-0.0031280815601348,0.0195743739604949,-0.0013956668992321,-0.0227024555206298,g2_specific_up,Col6a3,Sdc4,0.0441319905221462,g2,2.546730800095742,3.1409642039467407,0.004383739771121369
Lama3|Sv2c,19,57,28,0.0216774307191371,0.049571443349123,-1.1933154544329516,1.1933154544329516,0.2963659147851105,0.0024115248991858,0.0096460995967434,Atrial cardiomyocytes,-0.0005855669884325,0.0011582391094658,-0.0057212952524423,0.0191572811454534,-0.0017438060978983,-0.0248785763978958,g2_specific_up,Lama3,Sv2c,0.049571443349123,g2,2.015648258266016,2.405304217289698,0.004194384161410273
Cxcl12|Ackr3,20,37,17,0.0113958027213811,0.048822671175003,-2.0990485808832675,2.0990485808832675,0.2583465818718863,0.0047775620798624,0.0351046952824673,Atrial cardiomyocytes,0.0005171053038982,0.0018907549871168,0.0108607033616863,0.0483853134501259,-0.0013736496832185,-0.0375246100884396,g2_specific_up,Cxcl12,Ackr3,0.048822671175003,g2,1.4546347923976397,3.053349096685692,0.004194232019417795
Col1a2|Sdc1,20,37,17,0.0073497761040925,0.0365167930722236,-2.3127877087391533,2.3127877087391533,0.2535771065142515,0.0040079459023959,0.032254421785948,Atrial cardiomyocytes,-0.0002913888882506,0.0008960828414888,-0.0003640707582235,0.029013589490205,-0.0011874717297395,-0.0293776602484285,g2_specific_up,Col1a2,Sdc1,0.0365167930722236,g2,1.4914107391496543,3.449316426186896,0.004095965743023024
Cxcl12|Cxcr4,14,174,159,0.0139969931915402,0.0340539403259754,-1.2827047357374866,1.2827047357374866,0.3929010337597076,0.00073547660778,0.0016090038409685,Atrial cardiomyocytes,0.0011304967516621,0.0021112703335737,0.0381698133423924,0.0534591631731018,-0.0009807735819115,-0.0152893498307093,g2_specific_up,Cxcl12,Cxcr4,0.0340539403259754,g2,2.7934429191642187,3.5831624614242923,0.0035142710818619302
Ptn|Sdc3,20,37,17,0.0270420257002115,0.0710219740867614,-1.393062201220834,1.393062201220834,0.2488076311566167,0.0033526067315385,0.029433274682079,Atrial cardiomyocytes,0.00129468122727,0.0028933666332008,0.0212352955713868,0.0656025954522192,-0.0015986854059307,-0.0443672998808324,g2_specific_up,Ptn,Sdc3,0.0710219740867614,g2,1.5311614165534695,2.133003093368387,0.003410000916173078
Col1a1|Sdc1,20,37,17,0.0070108603686094,0.0329083614051342,-2.230790623796842,2.230790623796842,0.2710651828255792,0.0075251898899649,0.0484478891963459,Atrial cardiomyocytes,-0.0007462428332391,0.0003732840470098,-0.0085929399356246,0.0182135002687573,-0.0011195268802489,-0.0268064402043819,g2_specific_up,Col1a1,Sdc1,0.0329083614051342,g2,1.3147251397762485,2.9328765146828477,0.003283434094638156
Col6a1|Sdc4,20,37,17,0.0311948359012603,0.06595129519701,-1.0800937477897583,1.0800937477897583,0.2551669316334631,0.0042509823635544,0.0330306215834805,Atrial cardiomyocytes,0.0001071702834073,0.0021254784439678,0.0073896553367376,0.045059559866786,-0.0020183081605604,-0.0376699045300483,g2_specific_up,Col6a1,Sdc4,0.06595129519701,g2,1.4810832535039962,1.59970876206578,0.003228705248997339
Col1a2|Sdc4,20,37,17,0.0156924668699502,0.0460120178759098,-1.5519385041343567,1.5519385041343567,0.2583465818718863,0.0047775620798624,0.0351046952824673,Atrial cardiomyocytes,0.0003778441549073,0.0017581394903797,0.0093165207654237,0.0396979735232889,-0.0013802953354724,-0.0303814527578651,g2_specific_up,Col1a2,Sdc4,0.0460120178759098,g2,1.4546347923976397,2.2575037437753833,0.003116021887344642
Cadm3|Cadm3,20,37,17,0.0304620433598756,0.0736661553382873,-1.2739892026235895,1.2739892026235895,0.2710651828255792,0.0075251898899649,0.0484478891963459,Atrial cardiomyocytes,-0.0008672518534706,0.0008907010754594,-0.0143517032265663,0.0270801037549972,-0.0017579529289301,-0.0414318069815635,g2_specific_up,Cadm3,Cadm3,0.0736661553382873,g2,1.3147251397762485,1.67494563249273,0.0029444755804392737
Bdnf|Ntrk2,20,37,17,0.0064648524858057,0.0241145603358745,-1.8992149870551756,1.8992149870551756,0.2567567567526748,0.0045073100515156,0.0346243363048248,Atrial cardiomyocytes,-0.0001054337199825,0.0008247370867953,-0.0012891320511698,0.0165118086151778,-0.0009301708067779,-0.0178009406663477,g2_specific_up,Bdnf,Ntrk2,0.0241145603358745,g2,1.4606185426037344,2.774028626483701,0.002580320445521334
Lamc3|Sv2c,19,57,28,0.0232691969722509,0.0474291145801544,-1.027351480740732,1.027351480740732,0.3302005012510639,0.0114289594941035,0.029045024879752,Atrial cardiomyocytes,6.342274076365746e-05,0.0015581201810341,0.0055775716900825,0.0298761511221528,-0.0014946974402704,-0.0242985794320702,g2_specific_up,Lamc3,Sv2c,0.0474291145801544,g2,1.5369282471741743,1.5789655105266458,0.0023600757068594227
Ptn|Sdc4,19,57,28,0.030505895614624,0.0644597187638282,-1.0793097820528068,1.0793097820528068,0.3295739348350277,0.0111280258989764,0.0286028346300686,Atrial cardiomyocytes,0.0011590191997684,0.0025198800537686,0.0252206325531005,0.0482261842116713,-0.0013608608540002,-0.0230055516585707,g2_specific_up,Ptn,Sdc4,0.0644597187638282,g2,1.5435909248012414,1.6660127846259183,0.0022672115808612782
Ptn|Sdc1,19,57,28,0.0177156738936901,0.0413326248526573,-1.222254593526818,1.222254593526818,0.3038847117775446,0.0034776711313896,0.0129170642023044,Atrial cardiomyocytes,0.0002068997481716,0.0011664962093648,0.0109604839235544,0.0332212476059794,-0.0009595964611931,-0.022260763682425,g2_specific_up,Ptn,Sdc1,0.0413326248526573,g2,1.888836181822332,2.3086386996520014,0.0022153615263595006
Pdyn|Oprl1,20,37,17,0.0043270890600979,0.0132273519411683,-1.6120553251438754,1.6120553251438754,0.2122416534147497,0.0007744147186527,0.0113805293436788,Atrial cardiomyocytes,1.827687714490801e-05,0.0005500124770446,0.002137747593224,0.0112327749375253,-0.0005317355998997,-0.0090950273443013,g2_specific_up,Pdyn,Oprl1,0.0132273519411683,g2,1.9438375370892624,3.133573652879301,0.0016662326661436694
