block,source_layer,gene,0,1,2,3,4,5,6,7,8,9,10,11,12,13,14,15,16,17,18,19,20,21
E9.5h,LV/atrioventricular canal/common atrium cardiomyocytes,BMP2,1.0,0.97609574,0.84922695,0.77124405,0.62853336,0.549256,0.5390323,0.5610506,0.5782333,0.5687679,0.5843428,0.5792588,0.7191593,0.70672077,0.5228119,0.4572008,0.31263214,0.23131011,0.15002514,0.0059168176,0.016965244,0.0
E9.5h,LV/atrioventricular canal/common atrium cardiomyocytes,TBX2,0.9814464,1.0,0.9531707,0.8360546,0.6817521,0.5765652,0.56392145,0.5797634,0.58121145,0.5844089,0.5958248,0.5742311,0.52773416,0.5189233,0.4637246,0.41431922,0.3217017,0.21811211,0.110877894,0.006573441,0.008159811,0.0
E9.5h,LV/atrioventricular canal/common atrium cardiomyocytes,HAS2,0.9856037,1.0,0.83647656,0.7544915,0.60934156,0.48211315,0.47938126,0.50621897,0.52003956,0.5005216,0.6285019,0.5846644,0.5720722,0.5890211,0.5328995,0.44650596,0.3169646,0.21311639,0.11531392,0.0060960297,0.005757801,0.0
E11.5h,Ventricular cardiomyocytes,MYL3,0.0,0.0,0.0,0.004861653,0.075015776,0.14520563,0.2699991,0.35837588,0.44487128,0.52348465,0.61079746,0.71556723,0.77175343,0.8155574,0.8430655,0.8867048,0.9182482,0.9411272,1.0,0.9573015,0.95863056,0.75977886
E11.5h,Ventricular cardiomyocytes,MYH7,0.0,0.0,0.008380028,0.0,0.004043187,0.073108405,0.16844048,0.26989135,0.43565243,0.50793624,0.5861575,0.66737837,0.7085508,0.81917346,0.8126325,0.8676933,0.8744295,0.90206045,0.9325043,0.9466416,1.0,0.62821215
E11.5h,Ventricular cardiomyocytes,MYL2,0.0,0.0,0.012914736,0.0,0.05609704,0.14831267,0.22129744,0.32214504,0.41677886,0.5065964,0.6142978,0.7063664,0.76066303,0.7534987,0.7791628,0.8501627,0.8920306,0.87998694,0.90744704,0.9173636,1.0,0.58213055
E11.5h,Atrial cardiomyocytes,NPPA,0.0,0.0,0.027163498,0.0,0.014350862,0.080244616,0.066667244,0.04772906,0.094650514,0.14874862,0.2244164,0.30871603,0.35427442,0.4145329,0.4743428,0.55473924,0.6595443,0.73593783,0.8099136,0.92260695,1.0,0.5997403
E11.5h,Atrial cardiomyocytes,MYL4,0.0,0.0,0.0,0.00049512007,0.05282774,0.09583748,0.19106899,0.2523655,0.31596223,0.37427288,0.42575577,0.48305312,0.5143136,0.58504266,0.63006324,0.6870536,0.722833,0.75049746,0.7978586,0.83169127,0.8518528,1.0
E11.5h,Atrial cardiomyocytes,MYL7,0.0,0.0,0.032477133,0.0,0.047664247,0.11360964,0.16874161,0.22831517,0.2898314,0.34402657,0.39364475,0.45339617,0.49640167,0.5431424,0.5900974,0.6258665,0.65577275,0.6772291,0.6721787,0.6762406,0.71980494,1.0
