group,module_score
0.53-0.59,1.9737605
0.53-0.59,1.6933367
0.53-0.59,1.9578841
0.53-0.59,1.3766164
0.53-0.59,1.3838246
0.53-0.59,1.535055
0.53-0.59,0.8028346
0.53-0.59,1.9346236
0.53-0.59,1.2570888
0.53-0.59,1.2856895
0.53-0.59,0.7997684
0.53-0.59,1.4185835
0.53-0.59,1.607407
0.53-0.59,0.6533856
0.53-0.59,1.2403222
0.53-0.59,0.7292964
0.53-0.59,1.364081
0.53-0.59,1.7598736
0.53-0.59,0.76718843
0.53-0.59,1.9424258
0.53-0.59,0.8077695
0.53-0.59,1.2624923
0.53-0.59,0.74058205
0.53-0.59,2.0036235
0.53-0.59,0.71847314
0.53-0.59,1.3463701
0.53-0.59,0.7270011
0.53-0.59,0.7268237
0.53-0.59,0.7302564
0.53-0.59,2.0019367
0.53-0.59,0.70456177
0.53-0.59,1.9956526
0.53-0.59,1.899822
0.53-0.59,0.6966773
0.53-0.59,0.7470973
0.53-0.59,0.7078025
0.53-0.59,0.75242186
0.53-0.59,0.8004299
0.53-0.59,1.2406101
0.53-0.59,0.76749647
0.53-0.59,1.1612397
0.53-0.59,1.6870669
0.53-0.59,0.31732512
0.53-0.59,1.1892115
0.53-0.59,0.8821794
0.53-0.59,1.2257079
0.53-0.59,1.4748701
0.53-0.59,1.2115141
0.53-0.59,0.8188602
0.53-0.59,0.9227931
0.53-0.59,0.88435715
0.53-0.59,0.8951383
0.53-0.59,1.184022
0.53-0.59,1.3745334
0.53-0.59,1.0568162
0.53-0.59,1.0851685
0.53-0.59,0.40114173
0.53-0.59,0.5191678
0.53-0.59,1.6425505
0.53-0.59,1.5564348
0.53-0.59,0.9296613
0.53-0.59,0.88312536
0.53-0.59,1.3798615
0.53-0.59,1.1048993
0.53-0.59,0.6856676
0.53-0.59,1.1344982
0.53-0.59,1.2341716
0.53-0.59,1.3075035
0.53-0.59,1.9639814
0.53-0.59,1.4754034
0.53-0.59,1.1817981
0.53-0.59,1.3108149
0.53-0.59,0.7616905
0.53-0.59,1.1728562
0.53-0.59,1.1093911
0.53-0.59,1.3967059
0.53-0.59,1.2652155
0.53-0.59,0.8711258
0.53-0.59,1.3535682
0.53-0.59,1.634556
0.53-0.59,1.1473008
0.53-0.59,1.2223146
0.53-0.59,1.1624519
0.53-0.59,1.3408309
0.53-0.59,1.5072948
0.53-0.59,1.1625205
0.53-0.59,1.6132448
0.53-0.59,0.92604905
0.53-0.59,0.8326751
PMC_P,0.8049699
PMC_P,2.395866
PMC_P,1.5786985
PMC_P,1.0869815
PMC_P,0.9946062
PMC_P,0.9230669
PMC_P,1.2109102
PMC_P,1.4233774
PMC_P,1.0712671
PMC_P,0.88196945
PMC_P,0.7847231
PMC_P,1.137935
PMC_P,1.2277364
PMC_P,1.2072934
PMC_P,1.403492
PMC_P,0.8008289
PMC_P,1.1683769
PMC_P,1.2570515
PMC_P,1.3961155
PMC_P,1.4419681
PMC_P,0.70997334
PMC_P,0.7569025
PMC_P,1.5396006
PMC_P,2.5753639
PMC_P,2.1114542
PMC_P,2.5128078
PMC_P,1.547635
PMC_P,2.7056427
PMC_P,0.965939
PMC_P,0.86953926
PMC_P,0.9014169
PMC_P,2.633492
PMC_P,0.80899435
PMC_P,2.029264
PMC_P,1.8575926
PMC_P,0.9080154
PMC_P,1.5667869
PMC_P,1.3745601
PMC_P,2.0387273
PMC_P,1.2028288
