t_step,n_cells,n_alpha_gt_0.6,prop_alpha_gt_0.6
0,806,0,0.0
1,833,0,0.0
2,859,0,0.0
3,886,0,0.0
4,913,43,0.047097480832420595
5,940,87,0.0925531914893617
6,966,118,0.12215320910973085
7,993,162,0.16314199395770393
8,1020,229,0.22450980392156863
9,1047,287,0.27411652340019105
10,1073,344,0.320596458527493
11,1100,386,0.3509090909090909
12,1127,431,0.3824312333629104
13,1154,451,0.39081455805892545
14,1180,480,0.4067796610169492
15,1207,496,0.4109362054681027
16,1234,498,0.4035656401944895
17,1261,504,0.3996827914353688
18,1287,515,0.40015540015540013
19,1314,519,0.3949771689497717
20,1341,536,0.39970171513795677
21,1368,567,0.4144736842105263
22,1394,573,0.41104734576757535
23,1421,573,0.4032371569317382
24,1448,585,0.40400552486187846
25,1475,581,0.39389830508474577
26,1502,604,0.4021304926764314
27,1528,605,0.3959424083769634
28,1555,633,0.40707395498392285
29,1582,668,0.4222503160556258
30,1608,677,0.4210199004975124
31,1635,688,0.42079510703363915
32,1662,687,0.41335740072202165
33,1688,709,0.4200236966824645
34,1715,762,0.4443148688046647
35,1741,808,0.46410109132682364
36,1768,822,0.4649321266968326
37,1795,826,0.46016713091922007
38,1821,831,0.45634266886326197
39,1848,850,0.45995670995670995
40,1874,850,0.4535752401280683
41,1901,860,0.4523934771173067
42,1928,869,0.4507261410788382
43,1954,886,0.4534288638689867
44,1981,900,0.4543160020191822
45,2007,910,0.4534130543099153
46,2034,917,0.45083579154375614
47,2061,935,0.45366327025715675
48,2088,966,0.46264367816091956
49,2114,1005,0.47540208136234624
50,2141,1043,0.48715553479682394
51,2168,1045,0.4820110701107011
52,2194,1061,0.48359161349134
53,2221,1063,0.47861323728050426
54,2248,1107,0.49243772241992884
55,2274,1113,0.4894459102902375
56,2301,1138,0.494567579313342
57,2328,1163,0.4995704467353952
58,2354,1190,0.5055225148683092
59,2381,1217,0.5111297774044519
60,2408,1235,0.5128737541528239
61,2435,1257,0.5162217659137577
62,2462,1258,0.5109666937449229
63,2488,1279,0.5140675241157556
64,2515,1279,0.5085487077534792
65,2542,1265,0.497639653815893
66,2569,1284,0.49980537173997663
67,2595,1271,0.48978805394990366
68,2622,1303,0.4969488939740656
69,2649,1335,0.5039637599093998
70,2676,1365,0.5100896860986547
71,2702,1403,0.5192450037009623
72,2729,1413,0.5177720776841334
73,2756,1423,0.5163280116110305
74,2782,1433,0.5150970524802301
75,2809,1461,0.5201139195443218
76,2835,1476,0.5206349206349207
77,2862,1489,0.5202655485674353
78,2889,1514,0.5240567670474212
79,2915,1524,0.5228130360205832
80,2942,1548,0.5261726716519375
81,2968,1535,0.5171832884097035
82,2995,1559,0.520534223706177
83,3021,1558,0.5157232704402516
84,3048,1571,0.5154199475065617
85,3074,1587,0.5162654521795705
86,3101,1587,0.5117703966462431
87,3127,1596,0.5103933482571155
88,3154,1591,0.5044388078630311
89,3180,1631,0.5128930817610063
90,3207,1674,0.5219831618334893
91,3233,1695,0.5242808536962573
92,3260,1700,0.5214723926380368
93,3286,1705,0.5188679245283019
94,3313,1703,0.5140356172653184
95,3340,1733,0.5188622754491018
96,3366,1761,0.5231729055258467
97,3393,1777,0.5237253168287651
98,3420,1760,0.5146198830409356
99,3447,1734,0.5030461270670148
100,3474,1764,0.5077720207253886
