cluster_order,rank_within_selected_cluster,cluster,gene,score,logfoldchange,pval,pval_adj,rank,fraction_expressing_in_cluster,fraction_expressing_rest,n_cells_cluster,n_cells_rest,passes_fdr_0p05,gene_appears_in_n_clusters,slot_id
0,1,Brain,Gm42418,35.657185,1.0452095,1.8233189694740178e-278,7.220647005612023e-275,1,1.0,0.9945484864032837,2816,15592,True,2,C01_G1_Gm42418
0,2,Brain,Gm26561,29.207426,1.0268666,1.5607631571795081e-187,3.708529337774229e-184,2,0.9936079545454546,0.8452411493073371,2816,15592,True,1,C01_G2_Gm26561
0,3,Brain,Cd44,29.114521,1.0001202,2.3512212171872693e-186,5.078851576507883e-183,3,0.9733664772727273,0.7843124679322729,2816,15592,True,1,C01_G3_Cd44
0,4,Brain,Zc3h7a,29.108103,0.94194657,2.834915658140981e-186,5.613369246090655e-183,4,0.9879261363636364,0.8393406875320677,2816,15592,True,1,C01_G4_Zc3h7a
0,5,Brain,Lars2,28.503273,1.0133698,1.0669858075599016e-178,1.9502038287254476e-175,5,0.9957386363636364,0.8850051308363264,2816,15592,True,2,C01_G5_Lars2
1,1,Branchial arch,Prrx1,23.674953,2.7028346,6.532946254295053e-124,1.5522933594830476e-119,1,0.6108695652173913,0.21785157120570536,460,17948,True,1,C02_G1_Prrx1
1,2,Branchial arch,Peg3,21.74184,1.2606143,8.252371367715955e-105,9.80422980341494e-101,2,0.9891304347826086,0.8811566748384221,460,17948,True,3,C02_G2_Peg3
1,3,Branchial arch,H19,20.028984,0.8619001,3.0787605270825638e-89,2.4384809628002932e-85,3,1.0,0.9676844216625808,460,17948,True,1,C02_G3_H19
1,4,Branchial arch,Dlx5,19.807415,3.2961364,2.5693941391206337e-87,1.5262843534911345e-83,4,0.1934782608695652,0.028805437931802985,460,17948,True,1,C02_G4_Dlx5
1,5,Branchial arch,Hand2,19.33505,2.2557511,2.7240051334773563e-83,1.2945017195311093e-79,5,0.4608695652173913,0.15422331178961443,460,17948,True,1,C02_G5_Hand2
2,1,Cavity,Hbb-y,69.630844,0.517075,0.0,0.0,1,0.9971134764567924,1.0,5543,12865,True,2,C03_G1_Hbb-y
2,2,Cavity,Hbb-bh1,66.94361,0.58041966,0.0,0.0,2,0.9945877683564857,1.0,5543,12865,True,2,C03_G2_Hbb-bh1
2,3,Cavity,Hba-a1,65.99929,0.9769541,0.0,0.0,3,0.9835828973480065,1.0,5543,12865,True,2,C03_G3_Hba-a1
2,4,Cavity,Hba-x,61.01595,0.54459316,0.0,0.0,4,0.9938661374706838,1.0,5543,12865,True,2,C03_G4_Hba-x
2,5,Cavity,Hba-a2,57.28853,0.8855014,0.0,0.0,5,0.9639184557099044,1.0,5543,12865,True,2,C03_G5_Hba-a2
3,1,Connective tissue,Hbb-bh1,33.573708,0.6455888,4.059867089950814e-247,9.64665019243213e-243,1,1.0,0.9982768523836876,998,17410,True,2,C04_G1_Hbb-bh1
3,2,Connective tissue,Hba-a1,30.391573,0.86951655,7.098642782750865e-203,8.433542558047167e-199,2,1.0,0.9947731188971856,998,17410,True,2,C04_G2_Hba-a1
3,3,Connective tissue,Hbb-y,30.216185,0.4459682,1.451837912823764e-200,1.1499040215535152e-196,3,1.0,0.9990809879379667,998,17410,True,2,C04_G3_Hbb-y
3,4,Connective tissue,Hba-a2,29.221153,0.88774014,1.0446315812083771e-187,6.205372750273062e-184,4,1.0,0.9885123492245835,998,17410,True,2,C04_G4_Hba-a2
3,5,Connective tissue,Hba-x,28.536291,0.4209222,4.156175474601768e-179,1.975097709040252e-175,5,1.0,0.9980470993681793,998,17410,True,2,C04_G5_Hba-x
4,1,Head mesenchyme,Col3a1,26.928974,1.5880191,1.0058543018859911e-159,2.3900104067113035e-155,1,0.976027397260274,0.8058236086175943,584,17824,True,1,C05_G1_Col3a1
4,2,Head mesenchyme,Lgals1,25.76241,1.28511,2.3404597634745056e-146,2.7805832219958864e-142,2,0.9948630136986302,0.9078209156193896,584,17824,True,1,C05_G2_Lgals1
4,3,Head mesenchyme,Lrba,24.640461,0.6758959,4.657133519963367e-134,3.6886049855949855e-130,3,1.0,0.9854129263913824,584,17824,True,1,C05_G3_Lrba
4,4,Head mesenchyme,Tmsb10,23.715706,0.71425205,2.483051928090686e-124,1.4749949215840698e-120,4,1.0,0.9832809694793537,584,17824,True,1,C05_G4_Tmsb10
4,5,Head mesenchyme,Camk1d,21.418125,1.4858447,9.056129048028927e-102,4.303653646204307e-98,5,0.9486301369863014,0.6624214542190305,584,17824,True,1,C05_G5_Camk1d
5,1,Heart,Hspb7,53.912262,4.3888745,0.0,0.0,1,0.5631868131868132,0.05096153846153846,728,17680,True,1,C06_G1_Hspb7
5,2,Heart,Ttn,53.399292,4.5774784,0.0,0.0,2,0.7664835164835165,0.11792986425339366,728,17680,True,1,C06_G2_Ttn
5,3,Heart,Myh6,48.710464,4.052211,0.0,0.0,3,0.8736263736263736,0.21436651583710406,728,17680,True,1,C06_G3_Myh6
5,4,Heart,Ankrd1,46.16226,4.040012,0.0,0.0,4,0.5370879120879121,0.06713800904977375,728,17680,True,1,C06_G4_Ankrd1
5,5,Heart,Myl7,44.824036,3.3376088,0.0,0.0,5,1.0,0.8582013574660633,728,17680,True,1,C06_G5_Myl7
6,1,Liver,Gm20425,45.545696,5.4905486,0.0,0.0,1,0.7230769230769231,0.04052050732992917,195,18213,True,1,C07_G1_Gm20425
6,2,Liver,Fgb,37.949905,5.246877,0.0,0.0,2,0.5794871794871795,0.037665403832427384,195,18213,True,1,C07_G2_Fgb
6,3,Liver,Alb,35.61664,5.0184145,7.742953792611913e-278,6.132677502208389e-274,3,0.7846153846153846,0.08686103332784274,195,18213,True,1,C07_G3_Alb
6,4,Liver,Trf,32.206177,4.578248,1.4462354692209265e-227,8.591000246039609e-224,4,0.8615384615384616,0.13605666282325812,195,18213,True,1,C07_G4_Trf
6,5,Liver,Apom,31.90804,4.3723273,2.065515788010243e-223,9.815744127782276e-220,5,0.7743589743589744,0.10519958271564267,195,18213,True,1,C07_G5_Apom
7,1,Lung primordium,Peg3,22.761286,1.2928303,1.1094333177481695e-114,2.6361245063014256e-110,1,0.9828571428571429,0.8809483867360063,525,17883,True,3,C08_G1_Peg3
7,2,Lung primordium,Foxf1,19.276356,2.3807487,8.484899749778225e-83,1.0080485147724021e-78,2,0.4038095238095238,0.13364647989710898,525,17883,True,1,C08_G2_Foxf1
7,3,Lung primordium,Cxcl13,18.4033,3.2275264,1.23603411182285e-75,7.342351632755685e-72,3,0.19047619047619047,0.03534082648325225,525,17883,True,1,C08_G3_Cxcl13
7,4,Lung primordium,Hmga2,18.235655,1.0560051,2.690081624555038e-74,1.278380589621045e-70,4,0.9580952380952381,0.8226807582620366,525,17883,True,2,C08_G4_Hmga2
7,5,Lung primordium,Gpc3,18.08167,1.1136137,4.444051386922664e-73,1.7599184167444903e-69,5,0.9523809523809523,0.79768495218923,525,17883,True,1,C08_G5_Gpc3
8,1,Primitive gut tube,Peg3,17.259586,1.310821,9.478676070576223e-67,2.2522282211296164e-62,1,0.9964028776978417,0.8821290678433535,278,18130,True,3,C09_G1_Peg3
8,2,Primitive gut tube,Shisa3,16.485746,2.5889435,4.645231415339304e-61,5.51876718299386e-57,2,0.42805755395683454,0.12233866519580805,278,18130,True,1,C09_G2_Shisa3
8,3,Primitive gut tube,Mdk,16.078274,0.67383957,3.623306469146235e-58,2.8697795004461226e-54,3,1.0,0.9798676227247656,278,18130,True,1,C09_G3_Mdk
8,4,Primitive gut tube,Hlx,15.555568,2.5517192,1.45856076316117e-54,8.66421557336814e-51,4,0.37050359712230213,0.09955874241588528,278,18130,True,1,C09_G4_Hlx
8,5,Primitive gut tube,Hmga2,13.316354,1.037045,1.8597013709203138e-40,8.837672854887515e-37,5,0.9676258992805755,0.8243794815223386,278,18130,True,2,C09_G5_Hmga2
9,1,Sclerotome,Gm42418,45.687622,1.8280723,0.0,0.0,1,1.0,0.9950889761959787,1100,17308,True,2,C10_G1_Gm42418
9,2,Sclerotome,Foxp2,43.475704,3.097834,0.0,0.0,2,0.7218181818181818,0.2262537554887913,1100,17308,True,1,C10_G2_Foxp2
9,3,Sclerotome,Cdk8,39.766197,1.911164,0.0,0.0,3,1.0,0.9133926507973191,1100,17308,True,1,C10_G3_Cdk8
9,4,Sclerotome,Lars2,39.08247,1.9341456,0.0,0.0,4,1.0,0.8957129651028426,1100,17308,True,2,C10_G4_Lars2
9,5,Sclerotome,Gphn,38.9615,1.9646481,0.0,0.0,5,1.0,0.8698867575687543,1100,17308,True,1,C10_G5_Gphn
10,1,Spinal cord,Crabp2,59.22607,0.9221695,0.0,0.0,1,1.0,0.9489758992545415,4591,13817,True,1,C11_G1_Crabp2
10,2,Spinal cord,Tubb2b,53.858856,0.9809045,0.0,0.0,2,0.9967327379655848,0.9104002315987552,4591,13817,True,1,C11_G2_Tubb2b
10,3,Spinal cord,Tuba1a,53.20388,0.60542023,0.0,0.0,3,1.0,0.9871896938553956,4591,13817,True,1,C11_G3_Tuba1a
10,4,Spinal cord,Marcksl1,52.895447,0.5777135,0.0,0.0,4,1.0,0.9774191213722226,4591,13817,True,1,C11_G4_Marcksl1
10,5,Spinal cord,Ubb,48.895023,0.5796262,0.0,0.0,5,1.0,0.9756821307085475,4591,13817,True,1,C11_G5_Ubb
11,1,Surface ectoderm,Igfbp2,25.270027,1.4630677,6.823608482158809e-141,8.106788057228774e-137,1,0.9796610169491525,0.8321360422045123,590,17818,True,1,C12_G1_Igfbp2
11,2,Surface ectoderm,mt-Co1,24.02237,1.2152774,1.6236990286608826e-127,1.2860237540003744e-123,2,0.9983050847457627,0.9144685149848468,590,17818,True,1,C12_G2_mt-Co1
11,3,Surface ectoderm,mt-Cytb,23.792774,0.8609179,3.9675613170372355e-125,2.3568306113530437e-121,3,1.0,0.9785610057245482,590,17818,True,1,C12_G3_mt-Cytb
11,4,Surface ectoderm,mt-Nd4,23.196814,0.848665,4.903147808281431e-119,2.3300739014515016e-115,4,1.0,0.9754742395330565,590,17818,True,1,C12_G4_mt-Nd4
11,5,Surface ectoderm,Msx1,21.64683,1.6827431,6.510683793110509e-104,2.2100051086871257e-100,5,0.8389830508474576,0.5116735885060052,590,17818,True,1,C12_G5_Msx1
