marker_slot,C01_G1_Gm42418,C01_G2_Gm26561,C01_G3_Cd44,C01_G4_Zc3h7a,C01_G5_Lars2,C02_G1_Prrx1,C02_G2_Peg3,C02_G3_H19,C02_G4_Dlx5,C02_G5_Hand2,C03_G1_Hbb-y,C03_G2_Hbb-bh1,C03_G3_Hba-a1,C03_G4_Hba-x,C03_G5_Hba-a2,C04_G1_Hbb-bh1,C04_G2_Hba-a1,C04_G3_Hbb-y,C04_G4_Hba-a2,C04_G5_Hba-x,C05_G1_Col3a1,C05_G2_Lgals1,C05_G3_Lrba,C05_G4_Tmsb10,C05_G5_Camk1d,C06_G1_Hspb7,C06_G2_Ttn,C06_G3_Myh6,C06_G4_Ankrd1,C06_G5_Myl7,C07_G1_Gm20425,C07_G2_Fgb,C07_G3_Alb,C07_G4_Trf,C07_G5_Apom,C08_G1_Peg3,C08_G2_Foxf1,C08_G3_Cxcl13,C08_G4_Hmga2,C08_G5_Gpc3,C09_G1_Peg3,C09_G2_Shisa3,C09_G3_Mdk,C09_G4_Hlx,C09_G5_Hmga2,C10_G1_Gm42418,C10_G2_Foxp2,C10_G3_Cdk8,C10_G4_Lars2,C10_G5_Gphn,C11_G1_Crabp2,C11_G2_Tubb2b,C11_G3_Tuba1a,C11_G4_Marcksl1,C11_G5_Ubb,C12_G1_Igfbp2,C12_G2_mt-Co1,C12_G3_mt-Cytb,C12_G4_mt-Nd4,C12_G5_Msx1
C01_G1_Gm42418,1.0,0.930344345439504,0.9127723007101584,0.8820627281572735,0.9085872991653212,0.1761718113768665,0.4712814299956162,0.3448490410865971,-0.1404817399286052,0.2034820305431387,0.1998933323856999,0.248972004065485,0.0972074564688078,0.0764485221601434,0.0556707426149376,0.248972004065485,0.0972074564688078,0.1998933323856999,0.0556707426149376,0.0764485221601434,0.2506614902678148,0.1349255721696495,-0.2226017488210052,-0.289696025187011,0.8153565480873507,0.2076540103558025,0.2677329493858433,0.2768201431380561,0.257601266015482,0.3039092082339352,-0.0599842763870721,-0.0492987124856821,-0.0657864151943428,-0.0064030607660061,-0.0942071110934741,0.4712814299956162,0.0983959516556767,0.2652788065633045,0.5974210560788495,0.3716438482626638,0.4712814299956162,0.2535788110062386,-0.2105710458826097,0.1408147364190667,0.5974210560788495,1.0,0.4244197011081353,0.8278608516158712,0.9085872991653212,0.8987606914224957,-0.0915949498093194,-0.2291342230189069,-0.0961626730072134,-0.3420810675632456,-0.4761565924635425,-0.2839826606380091,0.6520241915700816,0.7208732285868469,0.710230759818186,0.1527175894956369
C01_G2_Gm26561,0.930344345439504,1.0,0.983649276948704,0.9760854400176784,0.988322030064389,0.2368356342015009,0.4718499628092837,0.3039488859569682,-0.1385408114155283,0.0890054703255615,0.0401061127322998,0.0727563533618012,-0.0291661700161885,-0.0426633423023019,-0.0669144523216747,0.0727563533618012,-0.0291661700161885,0.0401061127322998,-0.0669144523216747,-0.0426633423023019,0.2564047646613629,0.1591743064841725,-0.0879873745173737,-0.1452517915820988,0.9154690294556852,0.1186948825644776,0.2126045651172885,0.1751419775294571,0.1682300991413216,0.1821635688436396,-0.0373208678716511,-0.0534517238113552,-0.0596062499884761,-0.004309553834455,-0.0813747304370223,0.4718499628092837,0.0468461968271046,0.1978156692457046,0.6276050158523124,0.4260803547854854,0.4718499628092837,0.3170375989182761,-0.0595613525674656,0.2176921504607421,0.6276050158523124,0.930344345439504,0.5072376203419787,0.9309293721384102,0.988322030064389,0.9819309968170474,0.0542338771836012,-0.1409292980650224,-0.0320993882185611,-0.2161627726397199,-0.3784942895158701,-0.1944546875793536,0.7039171222035084,0.6598498526299129,0.6712280845450731,0.1497902564271032
C01_G3_Cd44,0.9127723007101586,0.983649276948704,1.0,0.9575301977292584,0.9672247342318662,0.166055554177525,0.4227032896550658,0.286762127292832,-0.1572177033618526,0.1115083243812677,0.0810755173843896,0.1076776321998867,0.011953693723345,-0.0045716392134461,-0.0213112219785106,0.1076776321998867,0.011953693723345,0.0810755173843896,-0.0213112219785106,-0.0045716392134461,0.1988799858580611,0.1298036143970364,-0.1467565807752906,-0.1963164034703567,0.931726780002628,0.1653990692915237,0.2494077496317854,0.2190610235716173,0.211781839561812,0.2259698837555084,-0.0010955877869867,-0.0107775395251455,-0.0123123989597842,0.030770767186622,-0.0389573164337228,0.4227032896550658,0.0224311095379879,0.1827782436173682,0.5573278839260314,0.3629698187666336,0.4227032896550658,0.2919488999497978,-0.1277977419949741,0.1844726538529931,0.5573278839260314,0.9127723007101586,0.4280127603309211,0.908129074956216,0.9672247342318662,0.9700183187099854,-0.0058221754323804,-0.1372763616613262,-0.048830162019522,-0.258967674905293,-0.4021603612165491,-0.215105907045613,0.6659684065146617,0.6232072810563463,0.632359670516486,0.0901848685458184
C01_G4_Zc3h7a,0.8820627281572735,0.9760854400176784,0.9575301977292584,1.0,0.9877029883088206,0.2168135295812841,0.3672273985987795,0.2066382064103999,-0.149455174647642,-0.0268856129282847,-0.0081344110805316,-0.0001277527190845,-0.0504805324418635,-0.0626048398697429,-0.0836912864747818,-0.0001277527190845,-0.0504805324418635,-0.0081344110805316,-0.0836912864747818,-0.0626048398697429,0.2235300541620142,0.1012904392648656,0.0062022899877975,-0.036477917034609,0.9431898849707896,0.0425491622884343,0.1277730828741781,0.0848971454879212,0.0820938445084216,0.0807701981005111,-0.0511977225653219,-0.0879371152529811,-0.0857461795091438,-0.0349489871369172,-0.1030390161057108,0.3672273985987795,-0.0312564460635516,0.1304100978999543,0.5530599731852627,0.3546452698446756,0.3672273985987795,0.2973918422004182,8.526091481276574e-05,0.2124327016065167,0.5530599731852627,0.8820627281572735,0.5121531203232614,0.9728713340942008,0.9877029883088206,0.989205967969459,0.1343593304983217,-0.0138374632644419,0.078216729841847,-0.1001020739934318,-0.2872525547742212,-0.1052307221555479,0.6804222913110707,0.5625295615793916,0.5902081609856349,0.1305827409710568
C01_G5_Lars2,0.9085872991653212,0.9883220300643888,0.967224734231866,0.9877029883088204,1.0,0.2465837602926694,0.4516218589975713,0.2818183009385547,-0.126564505983357,0.0461264283728751,0.0023035766464089,0.0182000568085151,-0.0477718368564992,-0.0635260895403877,-0.0822735387081995,0.0182000568085151,-0.0477718368564992,0.0023035766464089,-0.0822735387081995,-0.0635260895403877,0.2600063383497339,0.1577180391233227,-0.0361170098879925,-0.0796573600179043,0.92112870329234,0.0826968057399874,0.1677737503328198,0.1277179467214962,0.1195258623490329,0.1281292387970086,-0.0227142581110644,-0.0498069251827569,-0.047876272171255,0.0018898366208437,-0.0695829271491219,0.4516218589975713,0.0361796244703842,0.178129196348023,0.6191626139740058,0.4250841428834295,0.4516218589975713,0.3319281517471832,0.009122224583031,0.2457376281845933,0.6191626139740058,0.9085872991653212,0.5032913346916483,0.959807029660548,1.0,0.9826739145823322,0.0896322266087636,-0.1127461156076204,-0.0163305660276779,-0.1556782676326516,-0.3240771036798919,-0.1805530677020871,0.6968991261234542,0.6072798228064469,0.6255652990767777,0.1403814688289057
C02_G1_Prrx1,0.1761718113768665,0.2368356342015009,0.166055554177525,0.2168135295812842,0.2465837602926694,1.0,0.465918902156569,0.3163231294173442,0.5974998863096396,0.2179700765055852,-0.0062442607024887,-0.0084508034406834,0.00481245227535,0.0241108797227675,-0.0120170005136035,-0.0084508034406834,0.00481245227535,-0.0062442607024887,-0.0120170005136035,0.0241108797227675,0.540296146647374,0.3831630928902259,0.4259701506760819,0.3956573544449426,0.1262131972587337,-0.2308209991665802,-0.2220757158867702,-0.2290590617807187,-0.2162805703496002,-0.2356930228664212,-0.184797735785828,-0.2492144514207226,-0.2601782433759798,-0.1748107893801225,-0.2362122444420991,0.465918902156569,0.2354138350147385,0.0577276831342939,0.5707376708542921,0.6770870993117749,0.465918902156569,0.0308290397809645,0.4896116160141516,0.1664225551768396,0.5707376708542921,0.1761718113768665,0.5766868526396475,0.2042918067693946,0.2465837602926694,0.2121716765357075,0.3323712794260093,-0.3025559415976235,-0.107201826040386,0.1008128353400455,-0.0400755913074077,-0.0223254125269767,0.2681858091517595,0.2315386023853384,0.2411466258835581,0.7440083671666355
C02_G2_Peg3,0.4712814299956162,0.4718499628092837,0.4227032896550659,0.3672273985987795,0.4516218589975713,0.465918902156569,1.0,0.8125129746532156,0.0736919070170607,0.4475586717115117,0.0486735735765541,0.1095881578957536,-0.0018564486647734,-0.0079259648395734,-0.0258826618130205,0.1095881578957536,-0.0018564486647734,0.0486735735765541,-0.0258826618130205,-0.0079259648395734,0.7030549006645416,0.7012898244386885,0.1884735706177145,0.1071471533878437,0.2510517311500761,0.1278571380526865,0.2637134930801837,0.1848016462984052,0.1777731688716111,0.2350199874794682,-0.002054893108019,0.0022793390701109,0.0001499528623879,0.0708801534137963,-0.0306219944059492,1.0,0.4203990564093418,0.4966495350229729,0.8475609010583035,0.8959440782630503,1.0,0.6010038180496869,0.2782691274321047,0.6586249155435515,0.8475609010583035,0.4712814299956162,0.4154668391174419,0.3167512799154318,0.4516218589975713,0.3567056179152015,-0.1454653675995526,-0.6282641910768759,-0.4893313450359332,-0.3177965644735847,-0.2540302045769291,-0.423326335546374,0.5386894858033743,0.6168269501415486,0.5915290751023649,0.125144763671551
C02_G3_H19,0.3448490410865971,0.3039488859569682,0.2867621272928321,0.2066382064103999,0.2818183009385547,0.3163231294173442,0.8125129746532156,1.0,-0.0061721177654891,0.5658094855144761,0.377533831973467,0.4041070279651365,0.3514289594679384,0.3595502400091685,0.3422325358670243,0.4041070279651365,0.3514289594679384,0.377533831973467,0.3422325358670243,0.3595502400091685,0.7590643312045599,0.8921961655560396,0.0500239602285621,0.0049803604597529,0.119677098972214,0.4337062133619763,0.5477516526893405,0.481181862985109,0.4686883887348433,0.5244426731621848,0.1613145189196513,0.1790105586107281,0.1961678240438821,0.2735522541931597,0.1433775939823424,0.8125129746532156,0.2935863768697949,0.2655210167809249,0.5677274951834544,0.7597314458407497,0.8125129746532156,0.3614770183854478,-0.0029441125454278,0.6139525533252757,0.5677274951834544,0.3448490410865971,0.1981951586435973,0.1199510780414471,0.2818183009385547,0.1689571228967111,-0.538784584126559,-0.8218134705679845,-0.7106882687951747,-0.6256415130133496,-0.4639142409310485,-0.5833140675581379,0.6098926779810968,0.6289768456132037,0.6322459932264726,0.0891415328964324
C02_G4_Dlx5,-0.1404817399286052,-0.1385408114155283,-0.1572177033618527,-0.149455174647642,-0.126564505983357,0.5974998863096396,0.0736919070170607,-0.0061721177654891,1.0,0.3886290086409079,-0.0978221289242203,-0.0942806688742287,-0.0595012909539822,-0.0403734362837157,-0.0598794891835295,-0.0942806688742287,-0.0595012909539822,-0.0978221289242203,-0.0598794891835295,-0.0403734362837157,-0.0189549679308528,0.0102568611931755,0.2367277921601349,0.2411327089562235,-0.1498604909175068,-0.1466926466357139,-0.1995481057884131,-0.1633575836359365,-0.1466982339286008,-0.1777797029956652,-0.1272508518526475,-0.1505806522909056,-0.1623551293805686,-0.1533803147498283,-0.13844071576948,0.0736919070170607,0.2449279803832153,-0.1043998545247948,0.0229838627537535,0.2025895839501749,0.0736919070170607,-0.2601548085936681,0.2886727835210489,-0.1976363156659413,0.0229838627537535,-0.1404817399286052,0.0268100265978605,-0.1515038090454217,-0.126564505983357,-0.1392757375859054,0.3283034780259915,-0.0361158981961302,0.0506872028643021,0.2255738637333806,0.2356420184054745,0.0340556382120207,-0.2036951400416735,-0.1857623610402448,-0.1675695272581456,0.5694310053538365
C02_G5_Hand2,0.2034820305431388,0.0890054703255615,0.1115083243812677,-0.0268856129282847,0.0461264283728751,0.2179700765055852,0.4475586717115116,0.5658094855144761,0.3886290086409079,1.0,0.2478435607171176,0.308988803918519,0.1923807883695457,0.1953588434981437,0.1865939263618599,0.308988803918519,0.1923807883695457,0.2478435607171176,0.1865939263618599,0.1953588434981437,0.206953020843663,0.3693097038787817,-0.2028326399069796,-0.2491747117604714,-0.0163926668658923,0.5883915377770771,0.5503911133593871,0.6273184801960224,0.6360061667402055,0.6725458178803997,0.1270267046976931,0.1890574153852377,0.2028760199394003,0.2208801191807837,0.1490894460936769,0.4475586717115116,0.4973769345849499,0.1809416877588013,0.2392815734773244,0.3798385997834126,0.4475586717115116,-0.1431525466741403,-0.1742523916163333,0.0112358908680344,0.2392815734773244,0.2034820305431388,-0.1699003748831428,-0.1005637329930967,0.0461264283728751,-0.022778638265902,-0.403273563655257,-0.5283267541217865,-0.4226841924345303,-0.4838235347458716,-0.2632407741019741,-0.425504327494874,0.2329878078169915,0.4183329155927285,0.4018038549696134,0.2370406852879293
C03_G1_Hbb-y,0.1998933323856999,0.0401061127322998,0.0810755173843896,-0.0081344110805316,0.0023035766464089,-0.0062442607024887,0.0486735735765541,0.377533831973467,-0.0978221289242203,0.2478435607171176,1.0,0.9827184651693172,0.9766070179477327,0.970933470538289,0.9682336543975592,0.9827184651693172,0.9766070179477327,1.0,0.9682336543975592,0.970933470538289,0.28018904450671,0.2274069757130455,-0.3058647260324403,-0.3012839173376773,0.0055689124282194,0.2181566709944816,0.1334939120205147,0.253700168915753,0.2201749663664883,0.3323284569363669,0.1033445603980794,0.1080755448620203,0.1198381884772843,0.1669977822965327,0.0924577975907584,0.0486735735765541,0.140101302317782,0.1699499785369032,0.0251375578657132,-0.0006252232809315,0.0486735735765541,-0.1190570743760908,-0.5270776923974613,-0.0144048013824189,0.0251375578657132,0.1998933323856999,-0.0489808204078899,-0.1136284201362742,0.0023035766464089,0.0017740730708052,-0.6352772748603955,-0.5432407003586112,-0.472630748318564,-0.697580952688448,-0.7363579294678126,-0.5697571423038131,0.1490284573785133,0.2637733027605989,0.2260750766595665,0.1760563689737418
C03_G2_Hbb-bh1,0.248972004065485,0.0727563533618013,0.1076776321998867,-0.0001277527190845,0.0182000568085152,-0.0084508034406834,0.1095881578957536,0.4041070279651365,-0.0942806688742287,0.3089888039185191,0.9827184651693172,1.0,0.9400018716138068,0.9350735970853528,0.9231893835518356,1.0,0.9400018716138068,0.9827184651693172,0.9231893835518356,0.9350735970853528,0.2710574056592552,0.2359393509266512,-0.3523065229819448,-0.3696483854946845,-0.0014471247254226,0.2591523622674176,0.1821635264529813,0.3074572332363582,0.2728551729085405,0.3930606618494158,0.1157548761683498,0.134048927586765,0.1334669137446625,0.1894128060781404,0.1068600431321898,0.1095881578957536,0.1918257156107358,0.2280783487489262,0.0785775451007403,0.0302728782347655,0.1095881578957536,-0.1034765350350587,-0.575406073099878,-0.0408992624517838,0.0785775451007403,0.248972004065485,-0.0242954223651457,-0.1245532424744135,0.0182000568085152,0.0204795601990958,-0.6421728840679224,-0.568263456416132,-0.4830537661024078,-0.740432784027651,-0.7604026549851193,-0.5934579237718663,0.1720400898598715,0.3516355367027199,0.3048016100675471,0.1861700288514559
C03_G3_Hba-a1,0.0972074564688078,-0.0291661700161885,0.011953693723345,-0.0504805324418635,-0.0477718368564992,0.00481245227535,-0.0018564486647734,0.3514289594679384,-0.0595012909539822,0.1923807883695456,0.9766070179477327,0.9400018716138068,1.0,0.9949527559766432,0.9966054861210906,0.9400018716138068,1.0,0.9766070179477327,0.9966054861210906,0.9949527559766432,0.288310805409523,0.2490756209720663,-0.216776244136012,-0.1923991555483687,-0.0425522555823014,0.1496215900826308,0.0523744443579643,0.1677135803709335,0.1402160882379996,0.2386295182051752,0.1734240550577307,0.1558576883121047,0.1758571561382971,0.2209175123195038,0.1550386973521309,-0.0018564486647734,0.1342235781781768,0.1282613232595438,-0.035421688845727,-0.0114885262708895,-0.0018564486647734,-0.1160093360307009,-0.4446506951549445,0.0249983564557577,-0.035421688845727,0.0972074564688078,-0.068761274014683,-0.143141845228474,-0.0477718368564992,-0.0551965760942083,-0.6070597121946352,-0.5208264042090098,-0.4734105641848423,-0.6259907679331826,-0.6558747535773464,-0.5719543877452535,0.0926195535586509,0.1407299232125786,0.114632962105159,0.1627814753131744
C03_G4_Hba-x,0.0764485221601434,-0.0426633423023019,-0.0045716392134461,-0.0626048398697429,-0.0635260895403877,0.0241108797227675,-0.0079259648395734,0.3595502400091685,-0.0403734362837157,0.1953588434981437,0.970933470538289,0.9350735970853528,0.9949527559766432,1.0,0.9926116191743172,0.9350735970853528,0.9949527559766432,0.970933470538289,0.9926116191743172,1.0,0.3110477393716609,0.2633423181297921,-0.1808173725076765,-0.1581827711283967,-0.0555041640089317,0.161845426952756,0.0683676708335308,0.1808084957222547,0.1556371964911776,0.2487874247081805,0.1386425872740797,0.1201149664693307,0.1389678722435867,0.1898484132574187,0.1180442914423325,-0.0079259648395734,0.1085928343096312,0.0921158298813714,-0.0490022337271205,-0.0127593235076601,-0.0079259648395734,-0.1462999813335681,-0.4368488356116757,0.0194782717336289,-0.0490022337271205,0.0764485221601434,-0.0567291717059451,-0.1572856374460688,-0.0635260895403877,-0.0705573931051753,-0.5962427307272168,-0.5070435119028982,-0.448715743314981,-0.6097489315229766,-0.6367795742289197,-0.5440961556660175,0.1128641249604477,0.1510307199445349,0.1331957401337265,0.1918320722191048
C03_G5_Hba-a2,0.0556707426149376,-0.0669144523216747,-0.0213112219785106,-0.0836912864747818,-0.0822735387081995,-0.0120170005136035,-0.0258826618130205,0.3422325358670243,-0.0598794891835295,0.1865939263618599,0.9682336543975592,0.9231893835518356,0.9966054861210906,0.9926116191743172,0.9999999999999998,0.9231893835518356,0.9966054861210906,0.9682336543975592,0.9999999999999998,0.9926116191743172,0.2818388106044623,0.2470176981038945,-0.2000032695864885,-0.1687937155460624,-0.0671426522564022,0.1504860877114146,0.054199027601345,0.1645923120588514,0.1385052422700845,0.2324703147984655,0.1589045854494974,0.1407386719988858,0.1650688127014515,0.2036111316347916,0.1429473888408345,-0.0258826618130205,0.1161540375721707,0.1022783806415723,-0.0724581319519773,-0.0318895999006247,-0.0258826618130205,-0.123327212285895,-0.4286581558296671,0.0328727816962579,-0.0724581319519773,0.0556707426149376,-0.1031589957002298,-0.1695399169219384,-0.0822735387081995,-0.0917143017639449,-0.613526022985421,-0.5097084446695943,-0.4696654449088576,-0.6071070125071465,-0.6265557924117761,-0.5585704579684224,0.066421041398892,0.0957103755334561,0.0724348068090253,0.1409824134024401
C04_G1_Hbb-bh1,0.248972004065485,0.0727563533618013,0.1076776321998867,-0.0001277527190845,0.0182000568085152,-0.0084508034406834,0.1095881578957536,0.4041070279651365,-0.0942806688742287,0.3089888039185191,0.9827184651693172,1.0,0.9400018716138068,0.9350735970853528,0.9231893835518356,1.0,0.9400018716138068,0.9827184651693172,0.9231893835518356,0.9350735970853528,0.2710574056592552,0.2359393509266512,-0.3523065229819448,-0.3696483854946845,-0.0014471247254226,0.2591523622674176,0.1821635264529813,0.3074572332363582,0.2728551729085405,0.3930606618494158,0.1157548761683498,0.134048927586765,0.1334669137446625,0.1894128060781404,0.1068600431321898,0.1095881578957536,0.1918257156107358,0.2280783487489262,0.0785775451007403,0.0302728782347655,0.1095881578957536,-0.1034765350350587,-0.575406073099878,-0.0408992624517838,0.0785775451007403,0.248972004065485,-0.0242954223651457,-0.1245532424744135,0.0182000568085152,0.0204795601990958,-0.6421728840679224,-0.568263456416132,-0.4830537661024078,-0.740432784027651,-0.7604026549851193,-0.5934579237718663,0.1720400898598715,0.3516355367027199,0.3048016100675471,0.1861700288514559
C04_G2_Hba-a1,0.0972074564688078,-0.0291661700161885,0.011953693723345,-0.0504805324418635,-0.0477718368564992,0.00481245227535,-0.0018564486647734,0.3514289594679384,-0.0595012909539822,0.1923807883695456,0.9766070179477327,0.9400018716138068,1.0,0.9949527559766432,0.9966054861210906,0.9400018716138068,1.0,0.9766070179477327,0.9966054861210906,0.9949527559766432,0.288310805409523,0.2490756209720663,-0.216776244136012,-0.1923991555483687,-0.0425522555823014,0.1496215900826308,0.0523744443579643,0.1677135803709335,0.1402160882379996,0.2386295182051752,0.1734240550577307,0.1558576883121047,0.1758571561382971,0.2209175123195038,0.1550386973521309,-0.0018564486647734,0.1342235781781768,0.1282613232595438,-0.035421688845727,-0.0114885262708895,-0.0018564486647734,-0.1160093360307009,-0.4446506951549445,0.0249983564557577,-0.035421688845727,0.0972074564688078,-0.068761274014683,-0.143141845228474,-0.0477718368564992,-0.0551965760942083,-0.6070597121946352,-0.5208264042090098,-0.4734105641848423,-0.6259907679331826,-0.6558747535773464,-0.5719543877452535,0.0926195535586509,0.1407299232125786,0.114632962105159,0.1627814753131744
C04_G3_Hbb-y,0.1998933323856999,0.0401061127322998,0.0810755173843896,-0.0081344110805316,0.0023035766464089,-0.0062442607024887,0.0486735735765541,0.377533831973467,-0.0978221289242203,0.2478435607171176,1.0,0.9827184651693172,0.9766070179477327,0.970933470538289,0.9682336543975592,0.9827184651693172,0.9766070179477327,1.0,0.9682336543975592,0.970933470538289,0.28018904450671,0.2274069757130455,-0.3058647260324403,-0.3012839173376773,0.0055689124282194,0.2181566709944816,0.1334939120205147,0.253700168915753,0.2201749663664883,0.3323284569363669,0.1033445603980794,0.1080755448620203,0.1198381884772843,0.1669977822965327,0.0924577975907584,0.0486735735765541,0.140101302317782,0.1699499785369032,0.0251375578657132,-0.0006252232809315,0.0486735735765541,-0.1190570743760908,-0.5270776923974613,-0.0144048013824189,0.0251375578657132,0.1998933323856999,-0.0489808204078899,-0.1136284201362742,0.0023035766464089,0.0017740730708052,-0.6352772748603955,-0.5432407003586112,-0.472630748318564,-0.697580952688448,-0.7363579294678126,-0.5697571423038131,0.1490284573785133,0.2637733027605989,0.2260750766595665,0.1760563689737418
C04_G4_Hba-a2,0.0556707426149376,-0.0669144523216747,-0.0213112219785106,-0.0836912864747818,-0.0822735387081995,-0.0120170005136035,-0.0258826618130205,0.3422325358670243,-0.0598794891835295,0.1865939263618599,0.9682336543975592,0.9231893835518356,0.9966054861210906,0.9926116191743172,0.9999999999999998,0.9231893835518356,0.9966054861210906,0.9682336543975592,0.9999999999999998,0.9926116191743172,0.2818388106044623,0.2470176981038945,-0.2000032695864885,-0.1687937155460624,-0.0671426522564022,0.1504860877114146,0.054199027601345,0.1645923120588514,0.1385052422700845,0.2324703147984655,0.1589045854494974,0.1407386719988858,0.1650688127014515,0.2036111316347916,0.1429473888408345,-0.0258826618130205,0.1161540375721707,0.1022783806415723,-0.0724581319519773,-0.0318895999006247,-0.0258826618130205,-0.123327212285895,-0.4286581558296671,0.0328727816962579,-0.0724581319519773,0.0556707426149376,-0.1031589957002298,-0.1695399169219384,-0.0822735387081995,-0.0917143017639449,-0.613526022985421,-0.5097084446695943,-0.4696654449088576,-0.6071070125071465,-0.6265557924117761,-0.5585704579684224,0.066421041398892,0.0957103755334561,0.0724348068090253,0.1409824134024401
C04_G5_Hba-x,0.0764485221601434,-0.0426633423023019,-0.0045716392134461,-0.0626048398697429,-0.0635260895403877,0.0241108797227675,-0.0079259648395734,0.3595502400091685,-0.0403734362837157,0.1953588434981437,0.970933470538289,0.9350735970853528,0.9949527559766432,1.0,0.9926116191743172,0.9350735970853528,0.9949527559766432,0.970933470538289,0.9926116191743172,1.0,0.3110477393716609,0.2633423181297921,-0.1808173725076765,-0.1581827711283967,-0.0555041640089317,0.161845426952756,0.0683676708335308,0.1808084957222547,0.1556371964911776,0.2487874247081805,0.1386425872740797,0.1201149664693307,0.1389678722435867,0.1898484132574187,0.1180442914423325,-0.0079259648395734,0.1085928343096312,0.0921158298813714,-0.0490022337271205,-0.0127593235076601,-0.0079259648395734,-0.1462999813335681,-0.4368488356116757,0.0194782717336289,-0.0490022337271205,0.0764485221601434,-0.0567291717059451,-0.1572856374460688,-0.0635260895403877,-0.0705573931051753,-0.5962427307272168,-0.5070435119028982,-0.448715743314981,-0.6097489315229766,-0.6367795742289197,-0.5440961556660175,0.1128641249604477,0.1510307199445349,0.1331957401337265,0.1918320722191048
C05_G1_Col3a1,0.2506614902678148,0.2564047646613629,0.1988799858580611,0.2235300541620141,0.2600063383497339,0.540296146647374,0.7030549006645416,0.7590643312045599,-0.0189549679308528,0.206953020843663,0.2801890445067099,0.2710574056592551,0.288310805409523,0.3110477393716609,0.2818388106044623,0.2710574056592551,0.288310805409523,0.2801890445067099,0.2818388106044623,0.3110477393716609,1.0,0.8058172194278711,0.4586603475793406,0.4307839434041263,0.0958009697608133,0.020856918440095,0.1019379403141679,0.0539072231986063,0.0567672270550754,0.0930517932534926,-0.0476857723263321,-0.0956870249964217,-0.0931004036627612,0.0285776782700131,-0.1096716790615832,0.7030549006645416,0.2060879643273974,0.2175333085563154,0.6315189537733944,0.7670595221176958,0.7030549006645416,0.3810340213549665,0.3268376621029691,0.6795417754666239,0.6315189537733944,0.2506614902678148,0.5354316106755352,0.1994349155921646,0.2600063383497339,0.1741429375549852,-0.2503191472867495,-0.5701980216361953,-0.3694312388962892,-0.22514223461017,-0.2134935675560227,-0.3150627085765425,0.5476912752053661,0.4831874528257594,0.4898391659124336,0.3179069209193876
C05_G2_Lgals1,0.1349255721696495,0.1591743064841725,0.1298036143970364,0.1012904392648657,0.1577180391233226,0.3831630928902259,0.7012898244386885,0.8921961655560398,0.0102568611931756,0.3693097038787818,0.2274069757130455,0.2359393509266512,0.2490756209720664,0.2633423181297921,0.2470176981038945,0.2359393509266512,0.2490756209720664,0.2274069757130455,0.2470176981038945,0.2633423181297921,0.8058172194278711,1.0,0.2423023350898628,0.2161429664017023,0.016359676390026,0.2120066274916575,0.3569866313738897,0.2393734635293267,0.2372246076643179,0.2664283230105562,0.2771415049843757,0.2585696490673225,0.2715241763014919,0.3479724265065213,0.2483437769626157,0.7012898244386885,0.2148083275796814,0.1528304851184084,0.4597395503056043,0.7341135516491221,0.7012898244386885,0.339617045572092,0.1428657734783557,0.6432388385402242,0.4597395503056043,0.1349255721696495,0.2466575218412085,0.0364052262284426,0.1577180391233226,0.0517549736512404,-0.4088558191441607,-0.7113479986184192,-0.6372625101339976,-0.4658437627337601,-0.3008724839155327,-0.4052982485118724,0.5207062066017453,0.4458562448776466,0.4628865566130852,0.1505006435541503
C05_G3_Lrba,-0.2226017488210051,-0.0879873745173737,-0.1467565807752906,0.0062022899877975,-0.0361170098879925,0.4259701506760819,0.1884735706177145,0.0500239602285621,0.236727792160135,-0.2028326399069796,-0.3058647260324403,-0.3523065229819448,-0.216776244136012,-0.1808173725076765,-0.2000032695864885,-0.3523065229819448,-0.216776244136012,-0.3058647260324403,-0.2000032695864885,-0.1808173725076765,0.4586603475793406,0.2423023350898629,1.0,0.9810541699872508,-0.0541489914977608,-0.3760314662858791,-0.323104753900947,-0.4015130117953976,-0.3644106701232698,-0.4262703772977138,-0.3855080234080911,-0.4732191580321724,-0.4613495246811051,-0.4039550972202267,-0.4415245699857432,0.1884735706177145,0.0116244420340441,-0.0009955803248607,0.2067154875605413,0.3132648200948624,0.1884735706177145,0.1983899624917956,0.7359191366596687,0.3573822150769705,0.2067154875605413,-0.2226017488210051,0.3966349217827418,0.0633439410848626,-0.0361170098879925,-0.0488100071374659,0.4571402957204311,0.2664150392564518,0.4102183784677804,0.624063397182723,0.6153604354473275,0.3602919713868664,0.0674691746234259,-0.1257761141669707,-0.0855887688919457,0.2533499460626075
C05_G4_Tmsb10,-0.289696025187011,-0.1452517915820988,-0.1963164034703567,-0.036477917034609,-0.0796573600179043,0.3956573544449426,0.1071471533878437,0.0049803604597529,0.2411327089562235,-0.2491747117604714,-0.3012839173376774,-0.3696483854946845,-0.1923991555483687,-0.1581827711283967,-0.1687937155460624,-0.3696483854946845,-0.1923991555483687,-0.3012839173376774,-0.1687937155460624,-0.1581827711283967,0.4307839434041263,0.2161429664017023,0.9810541699872508,1.0,-0.0841527434923334,-0.3870878876609847,-0.3530852724969796,-0.4271725015026241,-0.3917133801416684,-0.4602468580117857,-0.352079479572823,-0.4464502367841627,-0.42461984966024,-0.3775392940572356,-0.4055487634463497,0.1071471533878437,-0.0251561599514651,-0.0668997471744715,0.1235190656358144,0.2526124918699754,0.1071471533878437,0.1718647267956777,0.7528652989387781,0.3512878758528796,0.1235190656358144,-0.289696025187011,0.3505851317256347,0.0421702391290055,-0.0796573600179043,-0.0980553379063927,0.4280759670288693,0.2798909558481523,0.3977372717559379,0.6503094736597181,0.6401565026014941,0.3608992747917647,0.0253642821187049,-0.2252032926647244,-0.179100502465171,0.2255780084198936
C05_G5_Camk1d,0.8153565480873507,0.9154690294556852,0.9317267800026282,0.9431898849707896,0.9211287032923402,0.1262131972587337,0.2510517311500761,0.119677098972214,-0.1498604909175068,-0.0163926668658923,0.0055689124282194,-0.0014471247254226,-0.0425522555823014,-0.0555041640089317,-0.0671426522564022,-0.0014471247254226,-0.0425522555823014,0.0055689124282194,-0.0671426522564022,-0.0555041640089317,0.0958009697608133,0.016359676390026,-0.0541489914977608,-0.0841527434923334,1.0,0.082774203573128,0.1554242610238448,0.1177140833313595,0.114853111142756,0.1127713574062863,-0.0579088519570326,-0.0866895075585316,-0.0738789519926843,-0.0484869598928817,-0.094947863174851,0.2510517311500761,-0.0990330313131702,0.0494264078783195,0.4121719599845773,0.2205388062715419,0.2510517311500761,0.1942136377643864,-0.0759972503495447,0.1121728873321905,0.4121719599845773,0.8153565480873507,0.3886561548752802,0.936170700517219,0.9211287032923402,0.9462563573324968,0.1268356024270682,0.0686083667374868,0.1321554534359101,-0.1181437111051192,-0.2986612189987276,-0.0045575728464592,0.6229709933261148,0.4879424736802448,0.5112007767184316,0.0882527459775266
C06_G1_Hspb7,0.2076540103558025,0.1186948825644776,0.1653990692915237,0.0425491622884343,0.0826968057399874,-0.2308209991665802,0.1278571380526865,0.4337062133619763,-0.1466926466357139,0.5883915377770771,0.2181566709944816,0.2591523622674176,0.1496215900826308,0.161845426952756,0.1504860877114146,0.2591523622674176,0.1496215900826308,0.2181566709944816,0.1504860877114146,0.161845426952756,0.020856918440095,0.2120066274916575,-0.3760314662858792,-0.3870878876609847,0.0827742035731281,1.0,0.9272768619887796,0.9792118180140872,0.9764961384002436,0.9424972962261752,0.0960560428215551,0.1944997118220325,0.2365972013324467,0.2343923974728148,0.14737184888284,0.1278571380526865,-0.0417252622248282,-0.0962083948848742,-0.0367173370551788,0.0117224199945585,0.1278571380526865,-0.1929049478833445,-0.4404112236623578,-0.0829248782790327,-0.0367173370551788,0.2076540103558025,-0.2736193545361451,-0.010613991542924,0.0826968057399874,0.0275764894377867,-0.5860744202172631,-0.3381121787877604,-0.3007918676737385,-0.5468347088807707,-0.3096875677863404,-0.2849261529204832,0.4618540949242978,0.5224466814527586,0.5474883725020805,-0.1435668706741729
C06_G2_Ttn,0.2677329493858433,0.2126045651172885,0.2494077496317854,0.1277730828741781,0.1677737503328198,-0.2220757158867702,0.2637134930801837,0.5477516526893405,-0.1995481057884131,0.5503911133593872,0.1334939120205147,0.1821635264529813,0.0523744443579643,0.0683676708335308,0.054199027601345,0.1821635264529813,0.0523744443579643,0.1334939120205147,0.054199027601345,0.0683676708335308,0.1019379403141679,0.3569866313738896,-0.3231047539009471,-0.3530852724969796,0.1554242610238448,0.9272768619887796,1.0,0.9441346895982308,0.9477885733837376,0.91507500850322,0.0547323152849564,0.1532049767641554,0.1825886105122002,0.1850485659255679,0.1002815681755425,0.2637134930801837,-0.0801935894049361,-0.0930073337077031,0.0387492273537134,0.1221427281703072,0.2637134930801837,-0.0550570633549686,-0.4030255873761548,0.0654336360537538,0.0387492273537134,0.2677329493858433,-0.2307286761387556,0.0658564176259633,0.1677737503328198,0.1058562514064131,-0.563407564268987,-0.3498477530184717,-0.3306453443059863,-0.5545929256738927,-0.3120114130073115,-0.2432351368897749,0.5523483518964165,0.5785030041857856,0.6168083974670395,-0.2024071624738059
C06_G3_Myh6,0.2768201431380561,0.1751419775294571,0.2190610235716173,0.0848971454879212,0.1277179467214962,-0.2290590617807187,0.1848016462984052,0.4811818629851089,-0.1633575836359365,0.6273184801960224,0.253700168915753,0.3074572332363582,0.1677135803709335,0.1808084957222547,0.1645923120588514,0.3074572332363582,0.1677135803709335,0.253700168915753,0.1645923120588514,0.1808084957222547,0.0539072231986063,0.2393734635293267,-0.4015130117953976,-0.4271725015026241,0.1177140833313595,0.9792118180140874,0.9441346895982308,1.0,0.9842883953467444,0.9824676776265028,0.0847293528243934,0.1897135750308398,0.2183734223357619,0.2283999270119219,0.1304115953882255,0.1848016462984052,-0.0147070063192514,-0.0622092099076113,0.0145111248679494,0.0493955983942927,0.1848016462984052,-0.1761099781094627,-0.4756530400049246,-0.0753411316886158,0.0145111248679494,0.2768201431380561,-0.2478327057802994,0.0141062608202572,0.1277179467214962,0.0730710983027651,-0.6134630131264558,-0.3701862899345439,-0.3190514342540744,-0.5925865557436505,-0.3612563656791936,-0.3131221517642098,0.4947876929108715,0.5933283032022988,0.6137439445448463,-0.1339061348436662
C06_G4_Ankrd1,0.257601266015482,0.1682300991413216,0.211781839561812,0.0820938445084216,0.1195258623490329,-0.2162805703496003,0.1777731688716111,0.4686883887348433,-0.1466982339286008,0.6360061667402055,0.2201749663664883,0.2728551729085405,0.1402160882379996,0.1556371964911777,0.1385052422700845,0.2728551729085405,0.1402160882379996,0.2201749663664883,0.1385052422700845,0.1556371964911777,0.0567672270550754,0.2372246076643179,-0.3644106701232697,-0.3917133801416684,0.1148531111427561,0.9764961384002436,0.9477885733837376,0.9842883953467444,1.0,0.9643819104557052,0.062475434999794,0.1593501418052546,0.1873429289354512,0.1990974077908485,0.1053518997058445,0.1777731688716111,-0.0240157763064573,-0.0825591810966939,0.0024231874149931,0.0529722306947995,0.1777731688716111,-0.1859620429079313,-0.4471715954018846,-0.0766263710571786,0.0024231874149931,0.257601266015482,-0.2469870425595983,0.0163411577718321,0.1195258623490329,0.0681854951310894,-0.587942862244171,-0.3467230947624262,-0.2876498699065945,-0.5590278695439477,-0.326220068839275,-0.2823265453671161,0.4882665668966037,0.570482590839673,0.592198099076929,-0.1184364075554287
C06_G5_Myl7,0.3039092082339352,0.1821635688436396,0.2259698837555084,0.0807701981005111,0.1281292387970086,-0.2356930228664212,0.2350199874794681,0.5244426731621847,-0.1777797029956652,0.6725458178803997,0.3323284569363668,0.3930606618494158,0.2386295182051752,0.2487874247081805,0.2324703147984655,0.3930606618494158,0.2386295182051752,0.3323284569363668,0.2324703147984655,0.2487874247081805,0.0930517932534926,0.2664283230105562,-0.4262703772977138,-0.4602468580117857,0.1127713574062863,0.9424972962261752,0.91507500850322,0.9824676776265028,0.9643819104557052,0.9999999999999998,0.1119789381324904,0.2165480173562756,0.2419293425162295,0.2596042899558071,0.1547800097993114,0.2350199874794681,0.0651776645440909,0.0128835576440405,0.0605579160781303,0.0815582233215104,0.2350199874794681,-0.1532844277354653,-0.5065073924565671,-0.0593238138433166,0.0605579160781303,0.3039092082339352,-0.2339369767149474,-0.0027126170300545,0.1281292387970086,0.0724148762244319,-0.6685676543081277,-0.4295210658319995,-0.3704935767529672,-0.6556537721774266,-0.4237344306781094,-0.3845000300210533,0.4845561350457907,0.6229534059953373,0.6291257455135392,-0.1269238394518433
C07_G1_Gm20425,-0.0599842763870721,-0.0373208678716511,-0.0010955877869867,-0.0511977225653219,-0.0227142581110644,-0.184797735785828,-0.002054893108019,0.1613145189196513,-0.1272508518526475,0.1270267046976931,0.1033445603980794,0.1157548761683498,0.1734240550577307,0.1386425872740797,0.1589045854494974,0.1157548761683498,0.1734240550577307,0.1033445603980794,0.1589045854494974,0.1386425872740797,-0.0476857723263321,0.2771415049843757,-0.385508023408091,-0.352079479572823,-0.0579088519570326,0.0960560428215551,0.0547323152849564,0.0847293528243934,0.062475434999794,0.1119789381324904,1.0,0.9831731346838356,0.976893017945926,0.9794823264010784,0.9891116859862544,-0.002054893108019,0.1931014658446735,0.0445019988534004,-0.1084697523778421,0.0448696924736799,-0.002054893108019,0.0635117976590618,-0.3149437286018272,0.0694354087881541,-0.1084697523778421,-0.0599842763870721,-0.151002477046736,-0.0882608620593647,-0.0227142581110644,-0.0561089930742393,-0.4071278324679633,-0.3273499980120775,-0.4820998510984332,-0.4464585135266117,-0.2606525827193593,-0.4210161632234724,-0.0436504203210709,-0.0144589111492826,-0.0255529303193683,-0.1975156620958684
C07_G2_Fgb,-0.0492987124856821,-0.0534517238113552,-0.0107775395251455,-0.087937115252981,-0.0498069251827569,-0.2492144514207226,0.0022793390701109,0.1790105586107281,-0.1505806522909056,0.1890574153852377,0.1080755448620203,0.1340489275867649,0.1558576883121047,0.1201149664693307,0.1407386719988858,0.1340489275867649,0.1558576883121047,0.1080755448620203,0.1407386719988858,0.1201149664693307,-0.0956870249964217,0.2585696490673225,-0.4732191580321723,-0.4464502367841627,-0.0866895075585316,0.1944997118220324,0.1532049767641553,0.1897135750308398,0.1593501418052546,0.2165480173562756,0.9831731346838356,1.0,0.98575142432519,0.9815299793539712,0.988516822651736,0.0022793390701109,0.197682345917468,0.0596519912776212,-0.1278244468815924,0.0141600319997324,0.0022793390701109,0.0395862257869493,-0.3875317313747063,0.0278270272754891,-0.1278244468815924,-0.0492987124856821,-0.2162977201605618,-0.1314420108826216,-0.0498069251827569,-0.0843375205096255,-0.4660286080226439,-0.3509564007493102,-0.5105623532584188,-0.504020185703486,-0.2908395984649117,-0.4333654919936767,-0.0394404571721756,0.0314668586646623,0.0152543356234642,-0.239236457411689
C07_G3_Alb,-0.0657864151943428,-0.0596062499884761,-0.0123123989597842,-0.0857461795091438,-0.047876272171255,-0.2601782433759798,0.0001499528623879,0.1961678240438821,-0.1623551293805686,0.2028760199394003,0.1198381884772843,0.1334669137446625,0.1758571561382971,0.1389678722435867,0.1650688127014515,0.1334669137446625,0.1758571561382971,0.1198381884772843,0.1650688127014515,0.1389678722435867,-0.0931004036627612,0.2715241763014919,-0.4613495246811051,-0.42461984966024,-0.0738789519926843,0.2365972013324467,0.1825886105122002,0.2183734223357619,0.1873429289354512,0.2419293425162295,0.976893017945926,0.98575142432519,1.0,0.9788922825076732,0.9923228039834324,0.0001499528623879,0.1948976644866356,0.0505454032534042,-0.1353484707258909,0.0143074067759365,0.0001499528623879,0.0449527144104499,-0.3702900413937002,0.0550778986736738,-0.1353484707258909,-0.0657864151943428,-0.2404790080878314,-0.1218222716342936,-0.047876272171255,-0.0887999873175128,-0.485624792449746,-0.3598315193479097,-0.5287300873812573,-0.5112386957721314,-0.2897327208456643,-0.4497346861724803,-0.0184663343917278,0.0199712049006364,0.0079810411758702,-0.2645080010417087
C07_G4_Trf,-0.0064030607660061,-0.004309553834455,0.030770767186622,-0.0349489871369173,0.0018898366208437,-0.1748107893801225,0.0708801534137963,0.2735522541931597,-0.1533803147498283,0.2208801191807837,0.1669977822965327,0.1894128060781404,0.2209175123195039,0.1898484132574187,0.2036111316347916,0.1894128060781404,0.2209175123195039,0.1669977822965327,0.2036111316347916,0.1898484132574187,0.0285776782700131,0.3479724265065213,-0.4039550972202267,-0.3775392940572356,-0.0484869598928817,0.2343923974728148,0.1850485659255679,0.2283999270119219,0.1990974077908485,0.2596042899558071,0.9794823264010786,0.9815299793539712,0.9788922825076732,1.0,0.9745276640727728,0.0708801534137963,0.2232200290425686,0.0748928211407752,-0.0487892453448946,0.0997216343206224,0.0708801534137963,0.0549086538800379,-0.353142644734094,0.0935314181042813,-0.0487892453448946,-0.0064030607660061,-0.124849304870865,-0.0826761905627247,0.0018898366208437,-0.0423348930826849,-0.5107923923577239,-0.4118999359433296,-0.5397413525867311,-0.5374015356656303,-0.3269141853515575,-0.4727902717727589,0.0659387226510823,0.1149030668629181,0.1046855174290791,-0.185834751525474
C07_G5_Apom,-0.0942071110934741,-0.0813747304370223,-0.0389573164337228,-0.1030390161057108,-0.0695829271491219,-0.2362122444420991,-0.0306219944059492,0.1433775939823424,-0.13844071576948,0.1490894460936769,0.0924577975907584,0.1068600431321897,0.1550386973521309,0.1180442914423325,0.1429473888408345,0.1068600431321897,0.1550386973521309,0.0924577975907584,0.1429473888408345,0.1180442914423325,-0.1096716790615832,0.2483437769626157,-0.4415245699857431,-0.4055487634463497,-0.094947863174851,0.14737184888284,0.1002815681755425,0.1304115953882255,0.1053518997058445,0.1547800097993114,0.9891116859862544,0.9885168226517362,0.9923228039834324,0.9745276640727728,1.0,-0.0306219944059492,0.1923168106571285,0.0366743103536934,-0.1498822706479686,0.0024919947002394,-0.0306219944059492,0.0348661106861721,-0.3446617170108517,0.0327919927458035,-0.1498822706479686,-0.0942071110934741,-0.2154509445849561,-0.1378112750763579,-0.0695829271491219,-0.1026723538704621,-0.4311789234254142,-0.328589321208186,-0.5009588592688775,-0.4665364312928602,-0.2642024343950473,-0.4144232270794122,-0.0701558295454867,-0.0295195858393556,-0.0442179601407478,-0.236487821536948
C08_G1_Peg3,0.4712814299956162,0.4718499628092837,0.4227032896550659,0.3672273985987795,0.4516218589975713,0.465918902156569,1.0,0.8125129746532156,0.0736919070170607,0.4475586717115117,0.0486735735765541,0.1095881578957536,-0.0018564486647734,-0.0079259648395734,-0.0258826618130205,0.1095881578957536,-0.0018564486647734,0.0486735735765541,-0.0258826618130205,-0.0079259648395734,0.7030549006645416,0.7012898244386885,0.1884735706177145,0.1071471533878437,0.2510517311500761,0.1278571380526865,0.2637134930801837,0.1848016462984052,0.1777731688716111,0.2350199874794682,-0.002054893108019,0.0022793390701109,0.0001499528623879,0.0708801534137963,-0.0306219944059492,1.0,0.4203990564093418,0.4966495350229729,0.8475609010583035,0.8959440782630503,1.0,0.6010038180496869,0.2782691274321047,0.6586249155435515,0.8475609010583035,0.4712814299956162,0.4154668391174419,0.3167512799154318,0.4516218589975713,0.3567056179152015,-0.1454653675995526,-0.6282641910768759,-0.4893313450359332,-0.3177965644735847,-0.2540302045769291,-0.423326335546374,0.5386894858033743,0.6168269501415486,0.5915290751023649,0.125144763671551
C08_G2_Foxf1,0.0983959516556767,0.0468461968271046,0.0224311095379879,-0.0312564460635516,0.0361796244703842,0.2354138350147385,0.4203990564093418,0.2935863768697949,0.2449279803832153,0.4973769345849499,0.1401013023177821,0.1918257156107358,0.1342235781781768,0.1085928343096312,0.1161540375721707,0.1918257156107358,0.1342235781781768,0.1401013023177821,0.1161540375721707,0.1085928343096312,0.2060879643273975,0.2148083275796813,0.0116244420340441,-0.0251561599514651,-0.0990330313131702,-0.0417252622248282,-0.0801935894049361,-0.0147070063192514,-0.0240157763064573,0.0651776645440909,0.1931014658446735,0.197682345917468,0.1948976644866356,0.2232200290425687,0.1923168106571285,0.4203990564093418,1.0,0.6596930190668011,0.4438697994059754,0.4147976825482568,0.4203990564093418,0.1285358231770374,0.1637380851520187,0.1862272761908611,0.4438697994059754,0.0983959516556767,0.2154656080400413,-0.0849518252688427,0.0361796244703842,-0.0120373970432184,-0.1374171828718637,-0.4112778206538798,-0.3464952896454823,-0.1849660695766462,-0.1179925272238621,-0.4010061140277001,-0.0447935917616848,0.1587056313138753,0.0836936950205467,0.1999608721401721
C08_G3_Cxcl13,0.2652788065633045,0.1978156692457046,0.1827782436173682,0.1304100978999543,0.178129196348023,0.0577276831342939,0.4966495350229728,0.2655210167809249,-0.1043998545247948,0.1809416877588012,0.1699499785369032,0.2280783487489262,0.1282613232595438,0.0921158298813714,0.1022783806415723,0.2280783487489262,0.1282613232595438,0.1699499785369032,0.1022783806415723,0.0921158298813714,0.2175333085563154,0.1528304851184084,-0.0009955803248607,-0.0668997471744715,0.0494264078783195,-0.0962083948848742,-0.0930073337077031,-0.0622092099076113,-0.0825591810966939,0.0128835576440405,0.0445019988534003,0.0596519912776212,0.0505454032534042,0.0748928211407752,0.0366743103536934,0.4966495350229728,0.659693019066801,1.0,0.5364893296070489,0.3607151794365927,0.4966495350229728,0.4548315512367388,0.0885349743519937,0.2883771288068492,0.5364893296070489,0.2652788065633045,0.2591046981734156,0.0753678955831203,0.178129196348023,0.1619211008489297,-0.1017507153310273,-0.3032342430955337,-0.258429215576782,-0.1818686301348686,-0.1931339870881791,-0.3325457001782027,0.0544753323080397,0.2548825596175048,0.1782152282090696,-0.0561118829509467
C08_G4_Hmga2,0.5974210560788494,0.6276050158523125,0.5573278839260314,0.5530599731852626,0.6191626139740058,0.5707376708542921,0.8475609010583035,0.5677274951834544,0.0229838627537535,0.2392815734773244,0.0251375578657132,0.0785775451007403,-0.0354216888457271,-0.0490022337271205,-0.0724581319519773,0.0785775451007403,-0.0354216888457271,0.0251375578657132,-0.0724581319519773,-0.0490022337271205,0.6315189537733944,0.4597395503056043,0.2067154875605414,0.1235190656358144,0.4121719599845772,-0.0367173370551788,0.0387492273537134,0.0145111248679494,0.0024231874149931,0.0605579160781303,-0.1084697523778421,-0.1278244468815924,-0.1353484707258909,-0.0487892453448946,-0.1498822706479686,0.8475609010583035,0.4438697994059755,0.5364893296070489,1.0,0.8426347839166003,0.8475609010583035,0.5109015780034643,0.3878555147082939,0.5240811829174896,1.0,0.5974210560788494,0.6363499376327727,0.5052165983948778,0.6191626139740058,0.5567412774124574,0.0838182510089127,-0.4842619140107501,-0.3081545570146331,-0.1552289072428271,-0.2730368027127088,-0.2991719477839005,0.5529182378456114,0.6536413074861019,0.6079045786870645,0.3059156295604821
C08_G5_Gpc3,0.3716438482626638,0.4260803547854854,0.3629698187666336,0.3546452698446756,0.4250841428834295,0.6770870993117749,0.8959440782630503,0.7597314458407497,0.2025895839501749,0.3798385997834126,-0.0006252232809315,0.0302728782347655,-0.0114885262708895,-0.0127593235076601,-0.0318895999006247,0.0302728782347655,-0.0114885262708895,-0.0006252232809315,-0.0318895999006247,-0.0127593235076601,0.7670595221176959,0.7341135516491221,0.3132648200948624,0.2526124918699754,0.2205388062715419,0.0117224199945585,0.1221427281703072,0.0493955983942927,0.0529722306947995,0.0815582233215104,0.0448696924736799,0.0141600319997324,0.0143074067759365,0.0997216343206224,0.0024919947002394,0.8959440782630503,0.4147976825482568,0.3607151794365927,0.8426347839166003,1.0,0.8959440782630503,0.4892899824312924,0.4458150299213601,0.6553187406757408,0.8426347839166003,0.3716438482626638,0.5719036532088146,0.3118001243718192,0.4250841428834295,0.3327510849124859,-0.0215264714842748,-0.6300448400775085,-0.4659953998886594,-0.2059408766581787,-0.1957042774530688,-0.3674032163741587,0.5046347692793341,0.5176952143918001,0.5036132765418586,0.3138921181230741
C09_G1_Peg3,0.4712814299956162,0.4718499628092837,0.4227032896550659,0.3672273985987795,0.4516218589975713,0.465918902156569,1.0,0.8125129746532156,0.0736919070170607,0.4475586717115117,0.0486735735765541,0.1095881578957536,-0.0018564486647734,-0.0079259648395734,-0.0258826618130205,0.1095881578957536,-0.0018564486647734,0.0486735735765541,-0.0258826618130205,-0.0079259648395734,0.7030549006645416,0.7012898244386885,0.1884735706177145,0.1071471533878437,0.2510517311500761,0.1278571380526865,0.2637134930801837,0.1848016462984052,0.1777731688716111,0.2350199874794682,-0.002054893108019,0.0022793390701109,0.0001499528623879,0.0708801534137963,-0.0306219944059492,1.0,0.4203990564093418,0.4966495350229729,0.8475609010583035,0.8959440782630503,1.0,0.6010038180496869,0.2782691274321047,0.6586249155435515,0.8475609010583035,0.4712814299956162,0.4154668391174419,0.3167512799154318,0.4516218589975713,0.3567056179152015,-0.1454653675995526,-0.6282641910768759,-0.4893313450359332,-0.3177965644735847,-0.2540302045769291,-0.423326335546374,0.5386894858033743,0.6168269501415486,0.5915290751023649,0.125144763671551
C09_G2_Shisa3,0.2535788110062387,0.3170375989182761,0.2919488999497978,0.2973918422004181,0.3319281517471832,0.0308290397809645,0.6010038180496869,0.3614770183854478,-0.2601548085936681,-0.1431525466741403,-0.1190570743760908,-0.1034765350350587,-0.1160093360307009,-0.1462999813335681,-0.123327212285895,-0.1034765350350587,-0.1160093360307009,-0.1190570743760908,-0.123327212285895,-0.1462999813335681,0.3810340213549665,0.339617045572092,0.1983899624917956,0.1718647267956778,0.1942136377643864,-0.1929049478833445,-0.0550570633549686,-0.1761099781094627,-0.1859620429079314,-0.1532844277354653,0.0635117976590618,0.0395862257869493,0.0449527144104499,0.0549086538800379,0.0348661106861721,0.6010038180496869,0.1285358231770374,0.4548315512367388,0.5109015780034643,0.4892899824312924,0.6010038180496869,1.0,0.2689234442671234,0.6944049524538582,0.5109015780034643,0.2535788110062387,0.2792562525475411,0.3108643941264995,0.3319281517471832,0.2796107531565853,0.0007031022084901,-0.2149079503442868,-0.2092312914731033,-0.0115671514828102,0.0212838388147903,-0.295265038550443,0.2036661714912571,0.1711619288418688,0.1434239511577292,-0.3064553419396518
C09_G3_Mdk,-0.2105710458826097,-0.0595613525674656,-0.1277977419949741,8.526091481276574e-05,0.009122224583031,0.4896116160141516,0.2782691274321047,-0.0029441125454278,0.2886727835210489,-0.1742523916163333,-0.5270776923974614,-0.5754060730998781,-0.4446506951549445,-0.4368488356116757,-0.4286581558296671,-0.5754060730998781,-0.4446506951549445,-0.5270776923974614,-0.4286581558296671,-0.4368488356116757,0.3268376621029691,0.1428657734783557,0.7359191366596687,0.7528652989387781,-0.0759972503495447,-0.4404112236623578,-0.4030255873761548,-0.4756530400049246,-0.4471715954018846,-0.5065073924565671,-0.3149437286018272,-0.3875317313747063,-0.3702900413937002,-0.3531426447340939,-0.3446617170108517,0.2782691274321047,0.1637380851520187,0.0885349743519937,0.3878555147082939,0.4458150299213601,0.2782691274321047,0.2689234442671234,1.0,0.4127089829858811,0.3878555147082939,-0.2105710458826097,0.3457157174375523,0.0959660579047058,0.009122224583031,-0.0394798641165566,0.5632117548603066,0.1085122384061666,0.1758125159841783,0.6782293840402565,0.5872943099146495,0.3334323281598231,-0.0447237694980345,-0.2275503405800041,-0.2225221796713471,0.1979689827068909
C09_G4_Hlx,0.1408147364190667,0.2176921504607421,0.1844726538529931,0.2124327016065167,0.2457376281845933,0.1664225551768396,0.6586249155435516,0.6139525533252757,-0.1976363156659413,0.0112358908680344,-0.0144048013824189,-0.0408992624517838,0.0249983564557577,0.0194782717336289,0.0328727816962579,-0.0408992624517838,0.0249983564557577,-0.0144048013824189,0.0328727816962579,0.0194782717336289,0.6795417754666239,0.6432388385402242,0.3573822150769706,0.3512878758528796,0.1121728873321905,-0.0829248782790327,0.0654336360537538,-0.0753411316886158,-0.0766263710571786,-0.0593238138433166,0.0694354087881541,0.0278270272754891,0.0550778986736738,0.0935314181042813,0.0327919927458035,0.6586249155435516,0.1862272761908611,0.2883771288068492,0.5240811829174897,0.6553187406757409,0.6586249155435516,0.6944049524538581,0.4127089829858812,1.0,0.5240811829174897,0.1408147364190667,0.2590667973729103,0.23289987637089,0.2457376281845933,0.1577597833722011,-0.1364622011330941,-0.3902233007866014,-0.3620276106032525,-0.0662705559222956,-0.0067666070503873,-0.2796276017561921,0.3362427500629129,0.2044023164515163,0.2142057586051476,-0.1821729549101071
C09_G5_Hmga2,0.5974210560788494,0.6276050158523125,0.5573278839260314,0.5530599731852626,0.6191626139740058,0.5707376708542921,0.8475609010583035,0.5677274951834544,0.0229838627537535,0.2392815734773244,0.0251375578657132,0.0785775451007403,-0.0354216888457271,-0.0490022337271205,-0.0724581319519773,0.0785775451007403,-0.0354216888457271,0.0251375578657132,-0.0724581319519773,-0.0490022337271205,0.6315189537733944,0.4597395503056043,0.2067154875605414,0.1235190656358144,0.4121719599845772,-0.0367173370551788,0.0387492273537134,0.0145111248679494,0.0024231874149931,0.0605579160781303,-0.1084697523778421,-0.1278244468815924,-0.1353484707258909,-0.0487892453448946,-0.1498822706479686,0.8475609010583035,0.4438697994059755,0.5364893296070489,1.0,0.8426347839166003,0.8475609010583035,0.5109015780034643,0.3878555147082939,0.5240811829174896,1.0,0.5974210560788494,0.6363499376327727,0.5052165983948778,0.6191626139740058,0.5567412774124574,0.0838182510089127,-0.4842619140107501,-0.3081545570146331,-0.1552289072428271,-0.2730368027127088,-0.2991719477839005,0.5529182378456114,0.6536413074861019,0.6079045786870645,0.3059156295604821
C10_G1_Gm42418,1.0,0.930344345439504,0.9127723007101584,0.8820627281572735,0.9085872991653212,0.1761718113768665,0.4712814299956162,0.3448490410865971,-0.1404817399286052,0.2034820305431387,0.1998933323856999,0.248972004065485,0.0972074564688078,0.0764485221601434,0.0556707426149376,0.248972004065485,0.0972074564688078,0.1998933323856999,0.0556707426149376,0.0764485221601434,0.2506614902678148,0.1349255721696495,-0.2226017488210052,-0.289696025187011,0.8153565480873507,0.2076540103558025,0.2677329493858433,0.2768201431380561,0.257601266015482,0.3039092082339352,-0.0599842763870721,-0.0492987124856821,-0.0657864151943428,-0.0064030607660061,-0.0942071110934741,0.4712814299956162,0.0983959516556767,0.2652788065633045,0.5974210560788495,0.3716438482626638,0.4712814299956162,0.2535788110062386,-0.2105710458826097,0.1408147364190667,0.5974210560788495,1.0,0.4244197011081353,0.8278608516158712,0.9085872991653212,0.8987606914224957,-0.0915949498093194,-0.2291342230189069,-0.0961626730072134,-0.3420810675632456,-0.4761565924635425,-0.2839826606380091,0.6520241915700816,0.7208732285868469,0.710230759818186,0.1527175894956369
C10_G2_Foxp2,0.4244197011081354,0.5072376203419787,0.4280127603309212,0.5121531203232614,0.5032913346916483,0.5766868526396475,0.415466839117442,0.1981951586435973,0.0268100265978605,-0.1699003748831428,-0.0489808204078899,-0.0242954223651457,-0.068761274014683,-0.0567291717059451,-0.1031589957002298,-0.0242954223651457,-0.068761274014683,-0.0489808204078899,-0.1031589957002298,-0.0567291717059451,0.5354316106755352,0.2466575218412086,0.3966349217827418,0.3505851317256347,0.3886561548752801,-0.2736193545361452,-0.2307286761387556,-0.2478327057802995,-0.2469870425595983,-0.2339369767149474,-0.151002477046736,-0.2162977201605618,-0.2404790080878314,-0.124849304870865,-0.2154509445849561,0.415466839117442,0.2154656080400413,0.2591046981734156,0.6363499376327727,0.5719036532088148,0.415466839117442,0.2792562525475411,0.3457157174375523,0.2590667973729103,0.6363499376327727,0.4244197011081354,1.0,0.4948619638228989,0.5032913346916483,0.5120756752332225,0.2314814796453587,-0.0843697004540477,0.1147384436595625,0.1161647861950349,-0.0719890165537355,0.024012208889638,0.4575504866129966,0.4227950841346417,0.4216280384735809,0.3961142951147325
C10_G3_Cdk8,0.8278608516158711,0.9309293721384102,0.908129074956216,0.9728713340942008,0.959807029660548,0.2042918067693946,0.3167512799154318,0.1199510780414471,-0.1515038090454216,-0.1005637329930967,-0.1136284201362742,-0.1245532424744135,-0.1431418452284741,-0.1572856374460688,-0.1695399169219384,-0.1245532424744135,-0.1431418452284741,-0.1136284201362742,-0.1695399169219384,-0.1572856374460688,0.1994349155921646,0.0364052262284426,0.0633439410848626,0.0421702391290055,0.9361707005172188,-0.010613991542924,0.0658564176259633,0.0141062608202572,0.0163411577718321,-0.0027126170300545,-0.0882608620593647,-0.1314420108826216,-0.1218222716342936,-0.0826761905627248,-0.1378112750763579,0.3167512799154318,-0.0849518252688427,0.0753678955831203,0.5052165983948778,0.3118001243718191,0.3167512799154318,0.3108643941264995,0.0959660579047058,0.23289987637089,0.5052165983948778,0.8278608516158711,0.4948619638228989,1.0,0.959807029660548,0.9593203129921114,0.2058242800170453,0.0882578455238456,0.1707003083777266,0.030711844472675,-0.1669053239643618,0.0020970718161332,0.6411455912888199,0.4677407799478553,0.5013844823684914,0.0972241001933965
C10_G4_Lars2,0.9085872991653212,0.9883220300643888,0.967224734231866,0.9877029883088204,1.0,0.2465837602926694,0.4516218589975713,0.2818183009385547,-0.126564505983357,0.0461264283728751,0.0023035766464089,0.0182000568085151,-0.0477718368564992,-0.0635260895403877,-0.0822735387081995,0.0182000568085151,-0.0477718368564992,0.0023035766464089,-0.0822735387081995,-0.0635260895403877,0.2600063383497339,0.1577180391233227,-0.0361170098879925,-0.0796573600179043,0.92112870329234,0.0826968057399874,0.1677737503328198,0.1277179467214962,0.1195258623490329,0.1281292387970086,-0.0227142581110644,-0.0498069251827569,-0.047876272171255,0.0018898366208437,-0.0695829271491219,0.4516218589975713,0.0361796244703842,0.178129196348023,0.6191626139740058,0.4250841428834295,0.4516218589975713,0.3319281517471832,0.009122224583031,0.2457376281845933,0.6191626139740058,0.9085872991653212,0.5032913346916483,0.959807029660548,1.0,0.9826739145823322,0.0896322266087636,-0.1127461156076204,-0.0163305660276779,-0.1556782676326516,-0.3240771036798919,-0.1805530677020871,0.6968991261234542,0.6072798228064469,0.6255652990767777,0.1403814688289057
C10_G5_Gphn,0.8987606914224957,0.9819309968170472,0.9700183187099856,0.989205967969459,0.9826739145823324,0.2121716765357075,0.3567056179152015,0.1689571228967111,-0.1392757375859055,-0.022778638265902,0.0017740730708052,0.0204795601990958,-0.0551965760942083,-0.0705573931051753,-0.0917143017639449,0.0204795601990958,-0.0551965760942083,0.0017740730708052,-0.0917143017639449,-0.0705573931051753,0.1741429375549853,0.0517549736512404,-0.0488100071374659,-0.0980553379063927,0.9462563573324968,0.0275764894377867,0.1058562514064132,0.0730710983027651,0.0681854951310894,0.0724148762244319,-0.0561089930742393,-0.0843375205096255,-0.0887999873175128,-0.0423348930826849,-0.1026723538704621,0.3567056179152015,-0.0120373970432184,0.1619211008489297,0.5567412774124574,0.3327510849124859,0.3567056179152015,0.2796107531565853,-0.0394798641165566,0.1577597833722011,0.5567412774124574,0.8987606914224957,0.5120756752332225,0.9593203129921112,0.9826739145823324,1.0,0.1497618429026757,-0.0085970254527953,0.084653087203541,-0.1161865845535035,-0.3158411677281505,-0.0954671185208219,0.6432101232729474,0.5674419258395268,0.582725837057734,0.1463589825021027
C11_G1_Crabp2,-0.0915949498093194,0.0542338771836012,-0.0058221754323804,0.1343593304983217,0.0896322266087637,0.3323712794260093,-0.1454653675995526,-0.5387845841265592,0.3283034780259915,-0.403273563655257,-0.6352772748603954,-0.6421728840679223,-0.6070597121946352,-0.5962427307272168,-0.6135260229854209,-0.6421728840679223,-0.6070597121946352,-0.6352772748603954,-0.6135260229854209,-0.5962427307272168,-0.2503191472867495,-0.4088558191441607,0.457140295720431,0.4280759670288693,0.1268356024270682,-0.586074420217263,-0.5634075642689869,-0.6134630131264558,-0.587942862244171,-0.6685676543081277,-0.4071278324679633,-0.4660286080226438,-0.485624792449746,-0.5107923923577239,-0.4311789234254142,-0.1454653675995526,-0.1374171828718637,-0.1017507153310273,0.0838182510089127,-0.0215264714842748,-0.1454653675995526,0.0007031022084901,0.5632117548603066,-0.1364622011330941,0.0838182510089127,-0.0915949498093194,0.2314814796453587,0.2058242800170452,0.0896322266087637,0.1497618429026757,1.0,0.620403009709254,0.6469679437154569,0.7859847745372839,0.5609699662474923,0.6099910008634766,-0.2050928162264959,-0.2939568468723085,-0.2816876964684582,0.2788417404598498
C11_G2_Tubb2b,-0.2291342230189069,-0.1409292980650224,-0.1372763616613263,-0.0138374632644419,-0.1127461156076204,-0.3025559415976235,-0.6282641910768759,-0.8218134705679845,-0.0361158981961302,-0.5283267541217865,-0.543240700358611,-0.568263456416132,-0.5208264042090098,-0.5070435119028982,-0.5097084446695943,-0.568263456416132,-0.5208264042090098,-0.543240700358611,-0.5097084446695943,-0.5070435119028982,-0.5701980216361952,-0.7113479986184192,0.2664150392564518,0.2798909558481523,0.0686083667374867,-0.3381121787877604,-0.3498477530184717,-0.3701862899345439,-0.3467230947624262,-0.4295210658319995,-0.3273499980120775,-0.3509564007493102,-0.3598315193479097,-0.4118999359433295,-0.328589321208186,-0.6282641910768759,-0.4112778206538798,-0.3032342430955337,-0.4842619140107501,-0.6300448400775085,-0.6282641910768759,-0.2149079503442868,0.1085122384061666,-0.3902233007866014,-0.4842619140107501,-0.2291342230189069,-0.0843697004540477,0.0882578455238456,-0.1127461156076204,-0.0085970254527953,0.620403009709254,1.0,0.9357080886701986,0.7612044287829327,0.6680843217622124,0.7631138770060518,-0.3364796580275443,-0.4457985818327072,-0.3985207846574567,-0.1512718482663043
C11_G3_Tuba1a,-0.0961626730072134,-0.0320993882185611,-0.048830162019522,0.078216729841847,-0.0163305660276779,-0.107201826040386,-0.4893313450359331,-0.7106882687951747,0.0506872028643021,-0.4226841924345302,-0.472630748318564,-0.4830537661024078,-0.4734105641848423,-0.448715743314981,-0.4696654449088576,-0.4830537661024078,-0.4734105641848423,-0.472630748318564,-0.4696654449088576,-0.448715743314981,-0.3694312388962892,-0.6372625101339976,0.4102183784677804,0.3977372717559379,0.1321554534359101,-0.3007918676737385,-0.3306453443059863,-0.3190514342540744,-0.2876498699065945,-0.3704935767529672,-0.4820998510984332,-0.5105623532584188,-0.5287300873812573,-0.5397413525867311,-0.5009588592688774,-0.4893313450359331,-0.3464952896454822,-0.258429215576782,-0.3081545570146331,-0.4659953998886593,-0.4893313450359331,-0.2092312914731033,0.1758125159841783,-0.3620276106032525,-0.3081545570146331,-0.0961626730072134,0.1147384436595625,0.1707003083777267,-0.0163305660276779,0.084653087203541,0.6469679437154569,0.9357080886701986,1.0,0.7708372427300859,0.6502139497983482,0.7426694872950715,-0.1936629127110095,-0.2519097280307977,-0.2141784331457075,0.0599361663248643
C11_G4_Marcksl1,-0.3420810675632456,-0.21616277263972,-0.258967674905293,-0.1001020739934318,-0.1556782676326516,0.1008128353400455,-0.3177965644735847,-0.6256415130133496,0.2255738637333806,-0.4838235347458716,-0.6975809526884481,-0.740432784027651,-0.6259907679331826,-0.6097489315229765,-0.6071070125071465,-0.740432784027651,-0.6259907679331826,-0.6975809526884481,-0.6071070125071465,-0.6097489315229765,-0.22514223461017,-0.4658437627337601,0.624063397182723,0.6503094736597181,-0.1181437111051192,-0.5468347088807707,-0.5545929256738927,-0.5925865557436505,-0.5590278695439478,-0.6556537721774266,-0.4464585135266117,-0.504020185703486,-0.5112386957721314,-0.5374015356656304,-0.4665364312928602,-0.3177965644735847,-0.1849660695766462,-0.1818686301348686,-0.1552289072428271,-0.2059408766581787,-0.3177965644735847,-0.0115671514828102,0.6782293840402566,-0.0662705559222956,-0.1552289072428271,-0.3420810675632456,0.1161647861950349,0.030711844472675,-0.1556782676326516,-0.1161865845535035,0.7859847745372839,0.7612044287829328,0.7708372427300859,1.0,0.8847632398699954,0.6800833305003927,-0.3833405019177834,-0.5296422581663304,-0.4977318015898195,0.0340494110751464
C11_G5_Ubb,-0.4761565924635425,-0.3784942895158701,-0.4021603612165491,-0.2872525547742212,-0.3240771036798919,-0.0400755913074077,-0.2540302045769291,-0.4639142409310485,0.2356420184054745,-0.2632407741019741,-0.7363579294678128,-0.7604026549851193,-0.6558747535773464,-0.6367795742289197,-0.6265557924117761,-0.7604026549851193,-0.6558747535773464,-0.7363579294678128,-0.6265557924117761,-0.6367795742289197,-0.2134935675560227,-0.3008724839155327,0.6153604354473275,0.6401565026014941,-0.2986612189987276,-0.3096875677863404,-0.3120114130073115,-0.3612563656791936,-0.326220068839275,-0.4237344306781094,-0.2606525827193593,-0.2908395984649117,-0.2897327208456643,-0.3269141853515575,-0.2642024343950472,-0.2540302045769291,-0.1179925272238621,-0.1931339870881791,-0.2730368027127088,-0.1957042774530688,-0.2540302045769291,0.0212838388147903,0.5872943099146495,-0.0067666070503873,-0.2730368027127088,-0.4761565924635425,-0.0719890165537355,-0.1669053239643618,-0.3240771036798919,-0.3158411677281505,0.5609699662474923,0.6680843217622124,0.6502139497983482,0.8847632398699953,1.0,0.5560738114187114,-0.4266210286131676,-0.5298426002142791,-0.489953732105523,-0.1254593737933701
C12_G1_Igfbp2,-0.2839826606380091,-0.1944546875793536,-0.215105907045613,-0.1052307221555479,-0.1805530677020871,-0.0223254125269767,-0.423326335546374,-0.5833140675581377,0.0340556382120207,-0.425504327494874,-0.5697571423038131,-0.5934579237718663,-0.5719543877452535,-0.5440961556660175,-0.5585704579684224,-0.5934579237718663,-0.5719543877452535,-0.5697571423038131,-0.5585704579684224,-0.5440961556660175,-0.3150627085765425,-0.4052982485118724,0.3602919713868664,0.3608992747917647,-0.0045575728464592,-0.2849261529204833,-0.2432351368897749,-0.3131221517642097,-0.2823265453671161,-0.3845000300210533,-0.4210161632234723,-0.4333654919936767,-0.4497346861724803,-0.4727902717727588,-0.4144232270794122,-0.423326335546374,-0.4010061140277001,-0.3325457001782027,-0.2991719477839005,-0.3674032163741586,-0.423326335546374,-0.295265038550443,0.3334323281598231,-0.2796276017561921,-0.2991719477839005,-0.2839826606380091,0.024012208889638,0.0020970718161332,-0.1805530677020871,-0.0954671185208219,0.6099910008634766,0.7631138770060518,0.7426694872950714,0.6800833305003927,0.5560738114187114,0.9999999999999998,-0.1498427195526328,-0.2842126189671112,-0.2421094802068617,0.1091788719625798
C12_G2_mt-Co1,0.6520241915700816,0.7039171222035084,0.6659684065146616,0.6804222913110707,0.6968991261234542,0.2681858091517595,0.5386894858033742,0.6098926779810968,-0.2036951400416735,0.2329878078169915,0.1490284573785134,0.1720400898598715,0.0926195535586509,0.1128641249604477,0.066421041398892,0.1720400898598715,0.0926195535586509,0.1490284573785134,0.066421041398892,0.1128641249604477,0.5476912752053661,0.5207062066017454,0.0674691746234259,0.0253642821187049,0.6229709933261148,0.4618540949242978,0.5523483518964165,0.4947876929108715,0.4882665668966036,0.4845561350457907,-0.0436504203210709,-0.0394404571721756,-0.0184663343917278,0.0659387226510823,-0.0701558295454867,0.5386894858033742,-0.0447935917616848,0.0544753323080397,0.5529182378456114,0.5046347692793341,0.5386894858033742,0.2036661714912571,-0.0447237694980345,0.3362427500629129,0.5529182378456114,0.6520241915700816,0.4575504866129967,0.6411455912888199,0.6968991261234542,0.6432101232729474,-0.2050928162264959,-0.3364796580275443,-0.1936629127110095,-0.3833405019177834,-0.4266210286131676,-0.1498427195526328,1.0,0.838944516490217,0.8847015295259282,0.1953602607287583
C12_G3_mt-Cytb,0.7208732285868469,0.6598498526299129,0.6232072810563462,0.5625295615793916,0.6072798228064468,0.2315386023853384,0.6168269501415486,0.6289768456132037,-0.1857623610402448,0.4183329155927286,0.2637733027605989,0.3516355367027199,0.1407299232125786,0.1510307199445349,0.0957103755334561,0.3516355367027199,0.1407299232125786,0.2637733027605989,0.0957103755334561,0.1510307199445349,0.4831874528257594,0.4458562448776467,-0.1257761141669707,-0.2252032926647244,0.4879424736802448,0.5224466814527586,0.5785030041857856,0.5933283032022987,0.5704825908396729,0.6229534059953373,-0.0144589111492826,0.0314668586646623,0.0199712049006364,0.1149030668629181,-0.0295195858393556,0.6168269501415486,0.1587056313138753,0.2548825596175048,0.6536413074861019,0.5176952143918001,0.6168269501415486,0.1711619288418688,-0.2275503405800041,0.2044023164515163,0.6536413074861019,0.7208732285868469,0.4227950841346417,0.4677407799478553,0.6072798228064468,0.5674419258395268,-0.2939568468723085,-0.4457985818327072,-0.2519097280307977,-0.5296422581663304,-0.529842600214279,-0.2842126189671112,0.838944516490217,1.0,0.9843984235528692,0.2504428237611075
C12_G4_mt-Nd4,0.710230759818186,0.671228084545073,0.632359670516486,0.5902081609856348,0.6255652990767777,0.2411466258835581,0.5915290751023649,0.6322459932264727,-0.1675695272581457,0.4018038549696133,0.2260750766595665,0.3048016100675471,0.114632962105159,0.1331957401337265,0.0724348068090253,0.3048016100675471,0.114632962105159,0.2260750766595665,0.0724348068090253,0.1331957401337265,0.4898391659124336,0.4628865566130852,-0.0855887688919457,-0.179100502465171,0.5112007767184316,0.5474883725020805,0.6168083974670394,0.6137439445448462,0.5921980990769291,0.6291257455135392,-0.0255529303193683,0.0152543356234642,0.0079810411758702,0.1046855174290791,-0.0442179601407478,0.5915290751023649,0.0836936950205467,0.1782152282090696,0.6079045786870645,0.5036132765418585,0.5915290751023649,0.1434239511577292,-0.2225221796713471,0.2142057586051476,0.6079045786870645,0.710230759818186,0.421628038473581,0.5013844823684914,0.6255652990767777,0.582725837057734,-0.2816876964684582,-0.3985207846574566,-0.2141784331457075,-0.4977318015898195,-0.489953732105523,-0.2421094802068617,0.8847015295259282,0.9843984235528692,1.0,0.239457961784324
C12_G5_Msx1,0.1527175894956369,0.1497902564271032,0.0901848685458184,0.1305827409710568,0.1403814688289057,0.7440083671666354,0.125144763671551,0.0891415328964324,0.5694310053538365,0.2370406852879293,0.1760563689737418,0.1861700288514559,0.1627814753131744,0.1918320722191048,0.1409824134024401,0.1861700288514559,0.1627814753131744,0.1760563689737418,0.1409824134024401,0.1918320722191048,0.3179069209193875,0.1505006435541503,0.2533499460626075,0.2255780084198936,0.0882527459775266,-0.1435668706741729,-0.2024071624738059,-0.1339061348436662,-0.1184364075554287,-0.1269238394518433,-0.1975156620958683,-0.239236457411689,-0.2645080010417087,-0.185834751525474,-0.236487821536948,0.125144763671551,0.1999608721401721,-0.0561118829509467,0.305915629560482,0.3138921181230741,0.125144763671551,-0.3064553419396519,0.1979689827068909,-0.1821729549101072,0.305915629560482,0.1527175894956369,0.3961142951147324,0.0972241001933965,0.1403814688289057,0.1463589825021027,0.2788417404598498,-0.1512718482663043,0.0599361663248643,0.0340494110751464,-0.1254593737933701,0.1091788719625798,0.1953602607287583,0.2504428237611076,0.239457961784324,1.0
